Crop,Crop_Year,Season,State,Area,Production,Annual_Rainfall,Fertilizer,Pesticide,Yield
Arhar/Tur,1997,Kharif     ,Madhya Pradesh,346900.0,251800,1189.1,33014473.0,107539.0,0.696511628
Bajra,1997,Kharif     ,Madhya Pradesh,141400.0,154100,1189.1,13457038.0,43834.0,0.929473684
Barley,1997,Rabi       ,Madhya Pradesh,91200.0,110500,1189.1,8679504.0,28272.0,1.347096774
Cotton(lint),1997,Kharif     ,Madhya Pradesh,511500.0,862000,1189.1,48679455.0,158565.0,1.559
Groundnut,1997,Kharif     ,Madhya Pradesh,252400.0,252100,1189.1,24020908.0,78244.0,1.031142857
Jowar,1997,Kharif     ,Madhya Pradesh,762100.0,658300,1189.1,72529057.0,236251.0,0.864545455
Jowar,1997,Rabi       ,Madhya Pradesh,8300.0,7200,1189.1,789911.0,2573.0,0.865
Linseed,1997,Rabi       ,Madhya Pradesh,386900.0,97100,1189.1,36821273.0,119939.0,0.37255814
Maize,1997,Kharif     ,Madhya Pradesh,808300.0,1085400,1189.1,76925911.0,250573.0,1.143023256
Rapeseed &Mustard,1997,Rabi       ,Madhya Pradesh,700700.0,416300,1189.1,66685619.0,217217.0,0.54025
Sesamum,1997,Kharif     ,Madhya Pradesh,167700.0,44800,1189.1,15960009.0,51987.0,0.295526316
Small millets,1997,Kharif     ,Madhya Pradesh,722500.0,163300,1189.1,68760325.0,223975.0,0.265333333
Soyabean,1997,Kharif     ,Madhya Pradesh,4469600.0,4845100,1189.1,425371832.0,1385576.0,0.969772727
Sunflower,1997,Kharif     ,Madhya Pradesh,9000.0,3000,1189.1,856530.0,2790.0,0.446363636
Wheat,1997,Rabi       ,Madhya Pradesh,4507600.0,7088900,1189.1,428988292.0,1397356.0,1.475681818
Arhar/Tur,1998,Kharif     ,Madhya Pradesh,352700.0,330500,962.7,34846760.0,102283.0,0.917166667
Bajra,1998,Kharif     ,Madhya Pradesh,145600.0,172300,962.7,14385280.0,42224.0,0.913478261
Barley,1998,Rabi       ,Madhya Pradesh,92700.0,105700,962.7,9158760.0,26883.0,1.371714286
Cotton(lint),1998,Kharif     ,Madhya Pradesh,494200.0,72700,962.7,48826960.0,143318.0,0.138333333
Gram,1998,Rabi       ,Madhya Pradesh,2660500.0,2533700,962.7,262857400.0,771545.0,0.872881356
Groundnut,1998,Kharif     ,Madhya Pradesh,249200.0,266000,962.7,24620960.0,72268.0,1.080434783
Jowar,1998,Kharif     ,Madhya Pradesh,744200.0,721900,962.7,73526960.0,215818.0,1.07862069
Jowar,1998,Rabi       ,Madhya Pradesh,9400.0,9100,962.7,928720.0,2726.0,1.106363636
Linseed,1998,Rabi       ,Madhya Pradesh,356600.0,111200,962.7,35232080.0,103414.0,0.402280702
Maize,1998,Kharif     ,Madhya Pradesh,797600.0,1171600,962.7,78802880.0,231304.0,1.294035088
Rapeseed &Mustard,1998,Rabi       ,Madhya Pradesh,640800.0,574100,962.7,63311040.0,185832.0,0.688703704
Rice,1998,Kharif     ,Madhya Pradesh,5438800.0,3346300,962.7,537353440.0,1577252.0,0.586785714
Sesamum,1998,Kharif     ,Madhya Pradesh,161800.0,40300,962.7,15985840.0,46922.0,0.257413793
Small millets,1998,Kharif     ,Madhya Pradesh,678400.0,189800,962.7,67025920.0,196736.0,0.298780488
Soyabean,1998,Kharif     ,Madhya Pradesh,4588600.0,4639100,962.7,453353680.0,1330694.0,0.825961538
Sugarcane,1998,Whole Year ,Madhya Pradesh,72440.0,1609360,962.7,7157072.0,21007.6,17.87372881
Sunflower,1998,Kharif     ,Madhya Pradesh,8100.0,2500,962.7,800280.0,2349.0,0.267333333
Wheat,1998,Rabi       ,Madhya Pradesh,4577900.0,8179600,962.7,452296520.0,1327591.0,1.618983051
Arhar/Tur,1999,Kharif     ,Madhya Pradesh,341221.0,308367,1222.9,36213784.73,92129.67,0.902881356
Bajra,1999,Kharif     ,Madhya Pradesh,137668.0,138796,1222.9,14610704.84,37170.36,0.803947368
Barley,1999,Rabi       ,Madhya Pradesh,84318.0,100751,1222.9,8948669.34,22765.86,1.42
Castor seed,1999,Kharif     ,Madhya Pradesh,2708.0,845,1222.9,287400.04,731.16,0.385862069
Coriander,1999,Whole Year ,Madhya Pradesh,144307.0,62527,1222.9,15315301.91,38962.89,0.387142857
Cotton(lint),1999,Kharif     ,Madhya Pradesh,484669.0,415594,1222.9,51437920.97,130860.63,0.659090909
Dry chillies,1999,Whole Year ,Madhya Pradesh,46824.0,23880,1222.9,4969431.12,12642.48,0.526888889
Garlic,1999,Whole Year ,Madhya Pradesh,53612.0,263316,1222.9,5689841.56,14475.24,3.222413793
Ginger,1999,Kharif     ,Madhya Pradesh,4724.0,6660,1222.9,501358.12,1275.48,1.200612245
Gram,1999,Rabi       ,Madhya Pradesh,2608081.0,2507120,1222.9,276795636.5,704181.87,0.844745763
Groundnut,1999,Kharif     ,Madhya Pradesh,223583.0,221914,1222.9,23728863.79,60367.41,1.014666667
Jowar,1999,Kharif     ,Madhya Pradesh,664489.0,519630,1222.9,70522217.57,179412.03,0.979111111
Jowar,1999,Rabi       ,Madhya Pradesh,8982.0,7024,1222.9,953259.66,2425.14,1.187272727
Linseed,1999,Rabi       ,Madhya Pradesh,326992.0,116921,1222.9,34703660.96,88287.84,0.425689655
Maize,1999,Kharif     ,Madhya Pradesh,846456.0,1360669,1222.9,89834375.28,228543.12,1.543220339
Niger seed,1999,Kharif     ,Madhya Pradesh,195910.0,41771,1222.9,20791928.3,52895.7,0.228157895
Onion,1999,Whole Year ,Madhya Pradesh,28722.0,389338,1222.9,3048265.86,7754.94,12.03627119
Other  Rabi pulses,1999,Rabi       ,Madhya Pradesh,1254590.0,721500,1222.9,133149636.7,338739.3,0.516101695
Other Kharif pulses,1999,Kharif     ,Madhya Pradesh,761107.0,232027,1222.9,80776285.91,205498.89,0.34220339
Potato,1999,Whole Year ,Madhya Pradesh,67359.0,856854,1222.9,7148810.67,18186.93,12.04827586
Ragi,1999,Kharif     ,Madhya Pradesh,11814.0,3418,1222.9,1253819.82,3189.78,0.263157895
Rapeseed &Mustard,1999,Rabi       ,Madhya Pradesh,671983.0,673759,1222.9,71317555.79,181435.41,0.72559322
Rice,1999,Kharif     ,Madhya Pradesh,5514025.0,6663769,1222.9,585203473.3,1488786.75,1.110508475
Safflower,1999,Rabi       ,Madhya Pradesh,1887.0,497,1222.9,200267.31,509.49,0.259677419
Sannhamp,1999,Whole Year ,Madhya Pradesh,6859.0,13167,1222.9,727945.67,1851.93,2.059111111
Sesamum,1999,Kharif     ,Madhya Pradesh,159555.0,36660,1222.9,16933572.15,43079.85,0.246440678
Soyabean,1999,Kharif     ,Madhya Pradesh,4214577.0,4514952,1222.9,447293057.0,1137935.79,0.910350877
Sugarcane,1999,Whole Year ,Madhya Pradesh,44930.0,1951640,1222.9,4768420.9,12131.1,32.28931034
Sunflower,1999,Kharif     ,Madhya Pradesh,8342.0,3315,1222.9,885336.46,2252.34,0.390857143
Sweet potato,1999,Whole Year ,Madhya Pradesh,6591.0,40325,1222.9,699502.83,1779.57,6.262241379
Turmeric,1999,Whole Year ,Madhya Pradesh,409.0,486,1222.9,43407.17,110.43,1.052857143
Urad,1999,Kharif     ,Madhya Pradesh,423879.0,132619,1222.9,44986278.27,114447.33,0.355555556
Urad,1999,Rabi       ,Madhya Pradesh,7079.0,2880,1222.9,751294.27,1911.33,0.279411765
Wheat,1999,Rabi       ,Madhya Pradesh,4661524.0,8685197,1222.9,494727542.1,1258611.48,1.877777778
Arhar/Tur,2000,Kharif     ,Madhya Pradesh,308981.0,206397,723.3,30332664.77,80335.06,0.632222222
Bajra,2000,Kharif     ,Madhya Pradesh,164003.0,204348,723.3,16100174.51,42640.78,0.904411765
Barley,2000,Rabi       ,Madhya Pradesh,82716.0,92394,723.3,8120229.72,21506.16,1.268205128
Castor seed,2000,Kharif     ,Madhya Pradesh,3296.0,818,723.3,323568.32,856.96,0.365454545
Coriander,2000,Whole Year ,Madhya Pradesh,94705.0,27475,723.3,9297189.85,24623.3,0.307674419
Cotton(lint),2000,Kharif     ,Madhya Pradesh,490767.0,234423,723.3,48178596.39,127599.42,0.572941176
Dry chillies,2000,Whole Year ,Madhya Pradesh,43196.0,13218,723.3,4240551.32,11230.96,0.325777778
Garlic,2000,Whole Year ,Madhya Pradesh,17552.0,61022,723.3,1723079.84,4563.52,2.833111111
Ginger,2000,Kharif     ,Madhya Pradesh,4265.0,5351,723.3,418695.05,1108.9,1.027894737
Gram,2000,Rabi       ,Madhya Pradesh,1972225.0,1617224,723.3,193613328.3,512778.5,0.745777778
Groundnut,2000,Kharif     ,Madhya Pradesh,211515.0,222725,723.3,20764427.55,54993.9,1.030222222
Jowar,2000,Kharif     ,Madhya Pradesh,620815.0,445124,723.3,60945408.55,161411.9,0.860666667
Jowar,2000,Rabi       ,Madhya Pradesh,2191.0,1571,723.3,215090.47,569.66,1.054166667
Linseed,2000,Rabi       ,Madhya Pradesh,162293.0,54044,723.3,15932303.81,42196.18,0.418636364
Maize,2000,Kharif     ,Madhya Pradesh,829299.0,1209947,723.3,81412282.83,215617.74,1.558636364
Niger seed,2000,Kharif     ,Madhya Pradesh,107157.0,16977,723.3,10519602.69,27860.82,0.193703704
Onion,2000,Whole Year ,Madhya Pradesh,19327.0,272665,723.3,1897331.59,5025.02,13.27177778
Other  Rabi pulses,2000,Rabi       ,Madhya Pradesh,719150.0,309475,723.3,70598955.5,186979.0,0.397777778
Other Kharif pulses,2000,Kharif     ,Madhya Pradesh,549547.0,131153,723.3,53949028.99,142882.22,0.268444444
Ragi,2000,Kharif     ,Madhya Pradesh,1783.0,662,723.3,175037.11,463.58,0.22375
Rapeseed &Mustard,2000,Rabi       ,Madhya Pradesh,417539.0,323175,723.3,40989803.63,108560.14,0.468222222
Rice,2000,Kharif     ,Madhya Pradesh,1697346.0,975274,723.3,166628456.8,441309.96,0.613555556
Safflower,2000,Rabi       ,Madhya Pradesh,142.0,39,723.3,13940.14,36.92,0.2275
Sannhamp,2000,Whole Year ,Madhya Pradesh,6422.0,9072,723.3,630447.74,1669.72,1.580666667
Sesamum,2000,Kharif     ,Madhya Pradesh,143565.0,40347,723.3,14093776.05,37326.9,0.3
Small millets,2000,Kharif     ,Madhya Pradesh,466911.0,76938,723.3,45836652.87,121396.86,0.207142857
Soyabean,2000,Kharif     ,Madhya Pradesh,4461676.0,3422105,723.3,438002732.9,1160035.76,0.719777778
Sugarcane,2000,Whole Year ,Madhya Pradesh,74733.0,1656840,723.3,7336538.61,19430.58,17.88844444
Sunflower,2000,Kharif     ,Madhya Pradesh,3175.0,1122,723.3,311689.75,825.5,0.283333333
Turmeric,2000,Whole Year ,Madhya Pradesh,373.0,339,723.3,36617.41,96.98,0.86962963
Wheat,2000,Rabi       ,Madhya Pradesh,3299120.0,4861992,723.3,323874610.4,857771.2,1.499333333
Arhar/Tur,2001,Kharif     ,Madhya Pradesh,301498.0,246625,955.0,30791990.74,78389.48,0.793555556
Bajra,2001,Kharif     ,Madhya Pradesh,161727.0,204585,955.0,16517178.51,42049.02,0.926764706
Banana,2001,Whole Year ,Madhya Pradesh,18145.0,564818,955.0,1853148.85,4717.7,26.1695
Barley,2001,Rabi       ,Madhya Pradesh,83716.0,107764,955.0,8549915.08,21766.16,1.374146341
Castor seed,2001,Kharif     ,Madhya Pradesh,2496.0,807,955.0,254916.48,648.96,0.364444444
Coriander,2001,Whole Year ,Madhya Pradesh,103753.0,37967,955.0,10596293.89,26975.78,0.345813953
Cotton(lint),2001,Kharif     ,Madhya Pradesh,534571.0,383607,955.0,54595736.23,138988.46,0.706315789
Dry chillies,2001,Whole Year ,Madhya Pradesh,39686.0,22145,955.0,4053131.18,10318.36,0.484666667
Garlic,2001,Whole Year ,Madhya Pradesh,22685.0,85583,955.0,2316819.05,5898.1,2.935777778
Ginger,2001,Kharif     ,Madhya Pradesh,4950.0,6801,955.0,505543.5,1287.0,1.149487179
Gram,2001,Rabi       ,Madhya Pradesh,2547801.0,2405124,955.0,260206916.1,662428.26,0.886444444
Groundnut,2001,Kharif     ,Madhya Pradesh,214053.0,238883,955.0,21861232.89,55653.78,1.023333333
Jowar,2001,Kharif     ,Madhya Pradesh,622456.0,562078,955.0,63571431.28,161838.56,0.977555556
Jowar,2001,Rabi       ,Madhya Pradesh,4676.0,4222,955.0,477559.88,1215.76,1.232142857
Linseed,2001,Rabi       ,Madhya Pradesh,163743.0,62714,955.0,16723072.59,42573.18,0.488409091
Maize,2001,Kharif     ,Madhya Pradesh,843065.0,1672641,955.0,86102228.45,219196.9,1.943555556
Niger seed,2001,Kharif     ,Madhya Pradesh,109214.0,24372,955.0,11154025.82,28395.64,0.199230769
Onion,2001,Whole Year ,Madhya Pradesh,23057.0,324596,955.0,2354811.41,5994.82,13.41155556
Other  Rabi pulses,2001,Rabi       ,Madhya Pradesh,743975.0,365367,955.0,75982166.75,193433.5,0.445777778
Other Kharif pulses,2001,Kharif     ,Madhya Pradesh,569223.0,196156,955.0,58134744.99,147997.98,0.335111111
Potato,2001,Whole Year ,Madhya Pradesh,38387.0,507092,955.0,3920464.31,9980.62,13.38955556
Ragi,2001,Kharif     ,Madhya Pradesh,508.0,135,955.0,51882.04,132.08,0.257777778
Rapeseed &Mustard,2001,Rabi       ,Madhya Pradesh,504749.0,458817,955.0,51550015.37,131234.74,0.607111111
Rice,2001,Kharif     ,Madhya Pradesh,1766150.0,1685799,955.0,180376899.5,459199.0,0.849333333
Safflower,2001,Rabi       ,Madhya Pradesh,321.0,83,955.0,32783.73,83.46,0.266111111
Sannhamp,2001,Whole Year ,Madhya Pradesh,6015.0,10489,955.0,614311.95,1563.9,1.862619048
Sesamum,2001,Kharif     ,Madhya Pradesh,131803.0,40068,955.0,13461040.39,34268.78,0.321136364
Small millets,2001,Kharif     ,Madhya Pradesh,446927.0,109728,955.0,45644654.51,116201.02,0.246052632
Soyabean,2001,Kharif     ,Madhya Pradesh,4435868.0,3726129,955.0,453035198.8,1153325.68,0.862222222
Sugarcane,2001,Whole Year ,Madhya Pradesh,41427.0,1612840,955.0,4230939.51,10771.02,30.92022222
Sunflower,2001,Kharif     ,Madhya Pradesh,2035.0,905,955.0,207834.55,529.1,0.337368421
Sweet potato,2001,Whole Year ,Madhya Pradesh,3707.0,21068,955.0,378595.91,963.82,5.656818182
Tobacco,2001,Whole Year ,Madhya Pradesh,255.0,120,955.0,26043.15,66.3,0.498333333
Turmeric,2001,Whole Year ,Madhya Pradesh,382.0,399,955.0,39013.66,99.32,0.968571429
Wheat,2001,Rabi       ,Madhya Pradesh,3691707.0,5993596,955.0,377034035.9,959843.82,1.654888889
Arhar/Tur,2002,Kharif     ,Madhya Pradesh,299548.0,183922,800.8,28358209.16,74887.0,0.551555556
Bajra,2002,Kharif     ,Madhya Pradesh,167581.0,124680,800.8,15864893.27,41895.25,0.475882353
Banana,2002,Whole Year ,Madhya Pradesh,16117.0,363109,800.8,1525796.39,4029.25,17.72565217
Barley,2002,Rabi       ,Madhya Pradesh,80761.0,101517,800.8,7645643.87,20190.25,1.405128205
Cashewnut,2002,Whole Year ,Madhya Pradesh,1.0,0,800.8,94.67,0.25,0.0
Castor seed,2002,Kharif     ,Madhya Pradesh,1591.0,546,800.8,150619.97,397.75,0.338947368
Coriander,2002,Whole Year ,Madhya Pradesh,62042.0,12664,800.8,5873516.14,15510.5,0.285909091
Cotton(lint),2002,Kharif     ,Madhya Pradesh,552393.0,379455,800.8,52295045.31,138098.25,0.535789474
Dry chillies,2002,Whole Year ,Madhya Pradesh,43928.0,31627,800.8,4158663.76,10982.0,0.528666667
Garlic,2002,Whole Year ,Madhya Pradesh,22674.0,76594,800.8,2146547.58,5668.5,2.850666667
Ginger,2002,Kharif     ,Madhya Pradesh,5187.0,5325,800.8,491053.29,1296.75,0.931842105
Gram,2002,Rabi       ,Madhya Pradesh,2464494.0,1710359,800.8,233313647.0,616123.5,0.742444444
Groundnut,2002,Kharif     ,Madhya Pradesh,204780.0,126759,800.8,19386522.6,51195.0,0.688888889
Jowar,2002,Kharif     ,Madhya Pradesh,636951.0,586632,800.8,60300151.17,159237.75,0.852222222
Jowar,2002,Rabi       ,Madhya Pradesh,3567.0,3285,800.8,337687.89,891.75,1.042727273
Linseed,2002,Rabi       ,Madhya Pradesh,142297.0,50231,800.8,13471256.99,35574.25,0.429111111
Maize,2002,Kharif     ,Madhya Pradesh,848970.0,1486546,800.8,80371989.9,212242.5,1.662
Niger seed,2002,Kharif     ,Madhya Pradesh,102500.0,17296,800.8,9703675.0,25625.0,0.1828
Onion,2002,Whole Year ,Madhya Pradesh,24620.0,344975,800.8,2330775.4,6155.0,12.75155556
Other  Rabi pulses,2002,Rabi       ,Madhya Pradesh,719020.0,294556,800.8,68069623.4,179755.0,0.383111111
Other Kharif pulses,2002,Kharif     ,Madhya Pradesh,651323.0,175735,800.8,61660748.41,162830.75,0.274
Potato,2002,Whole Year ,Madhya Pradesh,40871.0,487836,800.8,3869257.57,10217.75,11.89644444
Ragi,2002,Kharif     ,Madhya Pradesh,608.0,150,800.8,57559.36,152.0,0.185454545
Rapeseed &Mustard,2002,Rabi       ,Madhya Pradesh,368327.0,239413,800.8,34869517.09,92081.75,0.517272727
Rice,2002,Kharif     ,Madhya Pradesh,1671107.0,1024930,800.8,158203699.7,417776.75,0.608
Safflower,2002,Rabi       ,Madhya Pradesh,280.0,47,800.8,26507.6,70.0,0.215555556
Sannhamp,2002,Whole Year ,Madhya Pradesh,5767.0,9234,800.8,545961.89,1441.75,1.584651163
Sesamum,2002,Kharif     ,Madhya Pradesh,126268.0,29042,800.8,11953791.56,31567.0,0.279111111
Small millets,2002,Kharif     ,Madhya Pradesh,605458.0,87520,800.8,57318708.86,151364.5,0.213428571
Soyabean,2002,Kharif     ,Madhya Pradesh,4176744.0,2664763,800.8,395412354.5,1044186.0,0.635555556
Sugarcane,2002,Whole Year ,Madhya Pradesh,39073.0,1560420,800.8,3699040.91,9768.25,28.415
Sunflower,2002,Kharif     ,Madhya Pradesh,2354.0,931,800.8,222853.18,588.5,0.272272727
Sweet potato,2002,Whole Year ,Madhya Pradesh,3757.0,21287,800.8,355675.19,939.25,5.559555556
Tobacco,2002,Whole Year ,Madhya Pradesh,173.0,75,800.8,16377.91,43.25,0.5225
Turmeric,2002,Whole Year ,Madhya Pradesh,552394.0,379455,800.8,52295139.98,138098.5,0.505
Wheat,2002,Rabi       ,Madhya Pradesh,3369481.0,4916044,800.8,318988766.3,842370.25,1.500666667
Arhar/Tur,2003,Kharif     ,Madhya Pradesh,311195.0,251757,1163.0,30802081.1,74686.8,0.743333333
Bajra,2003,Kharif     ,Madhya Pradesh,201165.0,281430,1163.0,19911311.7,48279.6,1.078055556
Banana,2003,Whole Year ,Madhya Pradesh,15985.0,457194,1163.0,1582195.3,3836.4,17.95652174
Barley,2003,Rabi       ,Madhya Pradesh,84256.0,123182,1163.0,8339658.88,20221.44,1.6195
Castor seed,2003,Kharif     ,Madhya Pradesh,1523.0,572,1163.0,150746.54,365.52,0.25
Coriander,2003,Whole Year ,Madhya Pradesh,125074.0,46968,1163.0,12379824.52,30017.76,0.335957447
Cotton(lint),2003,Kharif     ,Madhya Pradesh,557169.0,628304,1163.0,55148587.62,133720.56,0.972916667
Dry chillies,2003,Whole Year ,Madhya Pradesh,48810.0,38365,1163.0,4831213.8,11714.4,0.623958333
Garlic,2003,Whole Year ,Madhya Pradesh,33158.0,137875,1163.0,3281978.84,7957.92,3.003333333
Ginger,2003,Kharif     ,Madhya Pradesh,5067.0,6284,1163.0,501531.66,1216.08,1.12975
Gram,2003,Rabi       ,Madhya Pradesh,2785209.0,2581889,1163.0,275679986.8,668450.16,0.912083333
Groundnut,2003,Kharif     ,Madhya Pradesh,214353.0,247578,1163.0,21216659.94,51444.72,1.045416667
Horse-gram,2003,Kharif     ,Madhya Pradesh,30880.0,9527,1163.0,3056502.4,7411.2,0.254705882
Horse-gram,2003,Rabi       ,Madhya Pradesh,152.0,43,1163.0,15044.96,36.48,0.305
Jowar,2003,Kharif     ,Madhya Pradesh,768501.0,936803,1163.0,76066228.98,184440.24,1.225833333
Jowar,2003,Rabi       ,Madhya Pradesh,3431.0,4182,1163.0,339600.38,823.44,1.528666667
Linseed,2003,Rabi       ,Madhya Pradesh,143384.0,61655,1163.0,14192148.32,34412.16,0.579148936
Maize,2003,Kharif     ,Madhya Pradesh,898618.0,1858342,1163.0,88945209.64,215668.32,1.916041667
Masoor,2003,Rabi       ,Madhya Pradesh,17.0,8,1163.0,1682.66,4.08,0.47
Mesta,2003,Kharif     ,Madhya Pradesh,4700.0,10600,1163.0,465206.0,1128.0,2.075
Moong(Green Gram),2003,Kharif     ,Madhya Pradesh,709.0,172,1163.0,70176.82,170.16,0.24
Moong(Green Gram),2003,Rabi       ,Madhya Pradesh,13.0,3,1163.0,1286.74,3.12,0.23
Niger seed,2003,Kharif     ,Madhya Pradesh,102368.0,23455,1163.0,10132384.64,24568.32,0.245
Onion,2003,Whole Year ,Madhya Pradesh,30958.0,416137,1163.0,3064222.84,7429.92,12.86875
Other  Rabi pulses,2003,Rabi       ,Madhya Pradesh,737005.0,377983,1163.0,72948754.9,176881.2,0.491489362
Other Kharif pulses,2003,Kharif     ,Madhya Pradesh,725486.0,264389,1163.0,71808604.28,174116.64,0.344791667
Peas & beans (Pulses),2003,Rabi       ,Madhya Pradesh,5.0,2,1163.0,494.9,1.2,0.4
Potato,2003,Whole Year ,Madhya Pradesh,46546.0,667656,1163.0,4607123.08,11171.04,13.33404255
Ragi,2003,Kharif     ,Madhya Pradesh,514.0,136,1163.0,50875.72,123.36,0.237142857
Rapeseed &Mustard,2003,Rabi       ,Madhya Pradesh,535540.0,579990,1163.0,53007749.2,128529.6,0.743404255
Rice,2003,Kharif     ,Madhya Pradesh,1708583.0,1743430,1163.0,169115545.3,410059.92,0.997916667
Safflower,2003,Rabi       ,Madhya Pradesh,632.0,172,1163.0,62555.36,151.68,0.24
Sannhamp,2003,Whole Year ,Madhya Pradesh,5584.0,11127,1163.0,552704.32,1340.16,2.155777778
Sesamum,2003,Kharif     ,Madhya Pradesh,144080.0,50572,1163.0,14261038.4,34579.2,0.432916667
Small millets,2003,Kharif     ,Madhya Pradesh,400775.0,122503,1163.0,39668709.5,96186.0,0.301621622
Soyabean,2003,Kharif     ,Madhya Pradesh,4198619.0,4643673,1163.0,415579308.6,1007668.56,1.019791667
Sugarcane,2003,Whole Year ,Madhya Pradesh,43141.0,1870120,1163.0,4270096.18,10353.84,31.46604167
Sunflower,2003,Kharif     ,Madhya Pradesh,1984.0,1062,1163.0,196376.32,476.16,0.357727273
Sweet potato,2003,Whole Year ,Madhya Pradesh,3821.0,21742,1163.0,378202.58,917.04,5.932173913
Turmeric,2003,Whole Year ,Madhya Pradesh,655.0,682,1163.0,64831.9,157.2,1.0059375
Urad,2003,Kharif     ,Madhya Pradesh,610876.0,224268,1163.0,60464506.48,146610.24,0.349166667
Urad,2003,Rabi       ,Madhya Pradesh,5693.0,2331,1163.0,563493.14,1366.32,0.242941176
Wheat,2003,Rabi       ,Madhya Pradesh,4078974.0,7357255,1163.0,403736846.5,978953.76,1.797916667
Arhar/Tur,2004,Kharif     ,Madhya Pradesh,314422.0,243677,895.7,34064479.48,66028.62,0.692291667
Bajra,2004,Kharif     ,Madhya Pradesh,184058.0,248478,895.7,19940843.72,38652.18,0.938125
Barley,2004,Rabi       ,Madhya Pradesh,82522.0,102327,895.7,8940433.48,17329.62,1.428421053
Castor seed,2004,Kharif     ,Madhya Pradesh,1773.0,671,895.7,192086.82,372.33,0.3545
Coriander,2004,Whole Year ,Madhya Pradesh,136352.0,52565,895.7,14772375.68,28633.92,0.339782609
Cotton(lint),2004,Kharif     ,Madhya Pradesh,584347.0,644360,895.7,63308153.98,122712.87,0.947916667
Garlic,2004,Whole Year ,Madhya Pradesh,42254.0,178505,895.7,4577798.36,8873.34,3.053125
Ginger,2004,Kharif     ,Madhya Pradesh,5216.0,5918,895.7,565101.44,1095.36,1.092564103
Gram,2004,Rabi       ,Madhya Pradesh,2686452.0,2471539,895.7,291050209.7,564154.92,0.881458333
Groundnut,2004,Kharif     ,Madhya Pradesh,211696.0,240698,895.7,22935144.64,44456.16,1.151276596
Horse-gram,2004,Kharif     ,Madhya Pradesh,29682.0,7675,895.7,3215747.88,6233.22,0.278235294
Horse-gram,2004,Rabi       ,Madhya Pradesh,160.0,45,895.7,17334.4,33.6,0.305
Jowar,2004,Kharif     ,Madhya Pradesh,628945.0,604416,895.7,68139901.3,132078.45,1.053958333
Jowar,2004,Rabi       ,Madhya Pradesh,4115.0,3955,895.7,445819.1,864.15,1.205
Linseed,2004,Rabi       ,Madhya Pradesh,129121.0,55264,895.7,13988969.14,27115.41,0.567446809
Maize,2004,Kharif     ,Madhya Pradesh,873546.0,1222964,895.7,94639973.64,183444.66,1.34125
Masoor,2004,Rabi       ,Madhya Pradesh,528897.0,262204,895.7,57300700.98,111068.37,0.47
Niger seed,2004,Kharif     ,Madhya Pradesh,97833.0,23236,895.7,10599227.22,20544.93,0.227307692
Onion,2004,Whole Year ,Madhya Pradesh,35661.0,560306,895.7,3863512.74,7488.81,15.03166667
Potato,2004,Whole Year ,Madhya Pradesh,47570.0,713265,895.7,5153733.8,9989.7,14.71425532
Ragi,2004,Kharif     ,Madhya Pradesh,403.0,112,895.7,43661.02,84.63,0.302
Rapeseed &Mustard,2004,Rabi       ,Madhya Pradesh,760363.0,755801,895.7,82377727.42,159676.23,0.737916667
Rice,2004,Kharif     ,Madhya Pradesh,1675513.0,1302615,895.7,181525078.4,351857.73,0.803541667
Safflower,2004,Rabi       ,Madhya Pradesh,1205.0,328,895.7,130549.7,253.05,0.265882353
Sesamum,2004,Kharif     ,Madhya Pradesh,160464.0,65148,895.7,17384669.76,33697.44,0.466666667
Small millets,2004,Kharif     ,Madhya Pradesh,371536.0,97368,895.7,40252210.24,78022.56,0.256052632
Soyabean,2004,Kharif     ,Madhya Pradesh,4580458.0,3751395,895.7,496246819.7,961896.18,0.821875
Sugarcane,2004,Whole Year ,Madhya Pradesh,41925.0,1794420,895.7,4542154.5,8804.25,30.82
Sunflower,2004,Kharif     ,Madhya Pradesh,1897.0,943,895.7,205520.98,398.37,0.316086957
Sweet potato,2004,Whole Year ,Madhya Pradesh,4172.0,24117,895.7,451994.48,876.12,5.938913043
Turmeric,2004,Whole Year ,Madhya Pradesh,662.0,633,895.7,71721.08,139.02,1.0128125
Urad,2004,Kharif     ,Madhya Pradesh,547073.0,193237,895.7,59269888.82,114885.33,0.346041667
Urad,2004,Rabi       ,Madhya Pradesh,5292.0,2178,895.7,573335.28,1111.32,0.28
Wheat,2004,Rabi       ,Madhya Pradesh,4188248.0,7320042,895.7,453754788.3,879532.08,1.7075
Arhar/Tur,2005,Kharif     ,Madhya Pradesh,319473.0,237688,1032.7,38311202.16,67089.33,0.65
Bajra,2005,Kharif     ,Madhya Pradesh,182506.0,271934,1032.7,21886119.52,38326.26,0.988285714
Barley,2005,Rabi       ,Madhya Pradesh,79165.0,98560,1032.7,9493466.8,16624.65,1.535263158
Castor seed,2005,Kharif     ,Madhya Pradesh,1499.0,462,1032.7,179760.08,314.79,0.241904762
Cotton(lint),2005,Kharif     ,Madhya Pradesh,596392.0,698720,1032.7,71519328.64,125242.32,1.019565217
Gram,2005,Rabi       ,Madhya Pradesh,2534571.0,2374893,1032.7,303945754.3,532259.91,0.893333333
Groundnut,2005,Kharif     ,Madhya Pradesh,204793.0,226296,1032.7,24558776.56,43006.53,1.007659574
Horse-gram,2005,Kharif     ,Madhya Pradesh,27053.0,7475,1032.7,3244195.76,5681.13,0.266666667
Horse-gram,2005,Rabi       ,Madhya Pradesh,153.0,43,1032.7,18347.76,32.13,0.163333333
Jowar,2005,Kharif     ,Madhya Pradesh,566097.0,593357,1032.7,67886352.24,118880.37,1.114375
Jowar,2005,Rabi       ,Madhya Pradesh,2624.0,2750,1032.7,314670.08,551.04,1.434166667
Linseed,2005,Rabi       ,Madhya Pradesh,132260.0,53036,1032.7,15860619.2,27774.6,0.592826087
Maize,2005,Kharif     ,Madhya Pradesh,852591.0,1240520,1032.7,102242712.7,179044.11,1.380638298
Masoor,2005,Rabi       ,Madhya Pradesh,580847.0,292290,1032.7,69655172.24,121977.87,0.453478261
Moong(Green Gram),2005,Kharif     ,Madhya Pradesh,75291.0,22940,1032.7,9028896.72,15811.11,0.323617021
Niger seed,2005,Kharif     ,Madhya Pradesh,105484.0,23382,1032.7,12649641.28,22151.64,0.225769231
Onion,2005,Whole Year ,Madhya Pradesh,37656.0,575949,1032.7,4515707.52,7907.76,14.14979167
Peas & beans (Pulses),2005,Rabi       ,Madhya Pradesh,218423.0,103563,1032.7,26193286.16,45868.83,0.446808511
Potato,2005,Whole Year ,Madhya Pradesh,45967.0,614671,1032.7,5512362.64,9653.07,12.90382979
Ragi,2005,Kharif     ,Madhya Pradesh,421.0,113,1032.7,50486.32,88.41,0.3175
Rapeseed &Mustard,2005,Rabi       ,Madhya Pradesh,829550.0,856096,1032.7,99479636.0,174205.5,0.754893617
Rice,2005,Kharif     ,Madhya Pradesh,1700446.0,1687475,1032.7,203917484.3,357093.66,0.881041667
Sesamum,2005,Kharif     ,Madhya Pradesh,184090.0,72531,1032.7,22076072.8,38658.9,0.399791667
Small millets,2005,Kharif     ,Madhya Pradesh,33926.0,12835,1032.7,4068405.92,7124.46,0.513611111
Soyabean,2005,Kharif     ,Madhya Pradesh,4576216.0,4805027,1032.7,548779822.7,961005.36,0.936875
Sugarcane,2005,Whole Year ,Madhya Pradesh,51620.0,2236980,1032.7,6190270.4,10840.2,31.52155556
Sunflower,2005,Kharif     ,Madhya Pradesh,1098.0,571,1032.7,131672.16,230.58,0.327368421
Sweet potato,2005,Whole Year ,Madhya Pradesh,4171.0,22869,1032.7,500186.32,875.91,5.701086957
Urad,2005,Kharif     ,Madhya Pradesh,480712.0,170034,1032.7,57646983.04,100949.52,0.334166667
Urad,2005,Rabi       ,Madhya Pradesh,5987.0,2494,1032.7,717961.04,1257.27,0.1975
Wheat,2005,Rabi       ,Madhya Pradesh,3772615.0,6192368,1032.7,452411990.8,792249.15,1.647083333
Arhar/Tur,2006,Kharif     ,Madhya Pradesh,305009.0,209541,1072.3,38952699.39,67101.98,0.606875
Bajra,2006,Kharif     ,Madhya Pradesh,183115.0,251783,1072.3,23385616.65,40285.3,1.054545455
Banana,2006,Whole Year ,Madhya Pradesh,14836.0,469134,1072.3,1894705.56,3263.92,21.7195
Castor seed,2006,Kharif     ,Madhya Pradesh,1508.0,569,1072.3,192586.68,331.76,0.320909091
Coriander,2006,Whole Year ,Madhya Pradesh,116571.0,49879,1072.3,14887282.41,25645.62,0.339565217
Cotton(lint),2006,Kharif     ,Madhya Pradesh,629739.0,820039,1072.3,80423967.69,138542.58,1.118181818
Dry chillies,2006,Whole Year ,Madhya Pradesh,47381.0,40748,1072.3,6051027.51,10423.82,0.719791667
Garlic,2006,Whole Year ,Madhya Pradesh,41697.0,182491,1072.3,5325123.87,9173.34,3.104468085
Ginger,2006,Kharif     ,Madhya Pradesh,6005.0,7401,1072.3,766898.55,1321.1,1.139230769
Gram,2006,Rabi       ,Madhya Pradesh,2584633.0,2553617,1072.3,330083480.4,568619.26,0.91
Groundnut,2006,Kharif     ,Madhya Pradesh,197231.0,187172,1072.3,25188371.01,43390.82,0.862708333
Horse-gram,2006,Kharif     ,Madhya Pradesh,25431.0,7366,1072.3,3247793.01,5594.82,0.283846154
Horse-gram,2006,Rabi       ,Madhya Pradesh,211.0,59,1072.3,26946.81,46.42,0.093333333
Jowar,2006,Kharif     ,Madhya Pradesh,530433.0,547937,1072.3,67741598.43,116695.26,1.091666667
Jowar,2006,Rabi       ,Madhya Pradesh,3206.0,3312,1072.3,409438.26,705.32,1.631818182
Jute,2006,Kharif     ,Madhya Pradesh,4608.0,8650,1072.3,588487.68,1013.76,1.976904762
Khesari,2006,Rabi       ,Madhya Pradesh,46723.0,36491,1072.3,5966994.33,10279.06,0.680689655
Linseed,2006,Rabi       ,Madhya Pradesh,126038.0,50037,1072.3,16096312.98,27728.36,0.589130435
Maize,2006,Kharif     ,Madhya Pradesh,879420.0,846002,1072.3,112310728.2,193472.4,0.903617021
Masoor,2006,Rabi       ,Madhya Pradesh,538670.0,261123,1072.3,68793545.7,118507.4,0.449361702
Mesta,2006,Kharif     ,Madhya Pradesh,523.0,1186,1072.3,66792.33,115.06,1.933684211
Moong(Green Gram),2006,Kharif     ,Madhya Pradesh,71963.0,22894,1072.3,9190394.73,15831.86,0.325319149
Moong(Green Gram),2006,Rabi       ,Madhya Pradesh,3039.0,810,1072.3,388110.69,668.58,0.288888889
Niger seed,2006,Kharif     ,Madhya Pradesh,106929.0,23792,1072.3,13655902.59,23524.38,0.228181818
Onion,2006,Whole Year ,Madhya Pradesh,37825.0,629635,1072.3,4830630.75,8321.5,14.81125
Other  Rabi pulses,2006,Rabi       ,Madhya Pradesh,2051.0,647,1072.3,261933.21,451.22,0.276
Other Kharif pulses,2006,Kharif     ,Madhya Pradesh,8164.0,1635,1072.3,1042624.44,1796.08,0.241388889
Peas & beans (Pulses),2006,Rabi       ,Madhya Pradesh,189486.0,83842,1072.3,24199257.06,41686.92,0.455
Potato,2006,Whole Year ,Madhya Pradesh,48540.0,648203,1072.3,6199043.4,10678.8,12.9512766
Rapeseed &Mustard,2006,Rabi       ,Madhya Pradesh,751836.0,705974,1072.3,96016975.56,165403.92,0.745957447
Rice,2006,Kharif     ,Madhya Pradesh,1674013.0,1389269,1072.3,213788200.2,368282.86,0.856666667
Safflower,2006,Rabi       ,Madhya Pradesh,427.0,115,1072.3,54532.17,93.94,0.313636364
Sesamum,2006,Whole Year ,Madhya Pradesh,246733.0,87837,1072.3,31510271.43,54281.26,0.337291667
Small millets,2006,Kharif     ,Madhya Pradesh,318015.0,84189,1072.3,40613695.65,69963.3,0.275625
Small millets,2006,Rabi       ,Madhya Pradesh,997.0,0,1072.3,127326.87,219.34,0.0
Soyabean,2006,Kharif     ,Madhya Pradesh,4691195.0,4780328,1072.3,599112513.5,1032062.9,0.875833333
Sugarcane,2006,Whole Year ,Madhya Pradesh,61085.0,2692260,1072.3,7801165.35,13438.7,31.35595745
Sunflower,2006,Kharif     ,Madhya Pradesh,848.0,368,1072.3,108298.08,186.56,0.31
Sweet potato,2006,Whole Year ,Madhya Pradesh,4070.0,22633,1072.3,519779.7,895.4,5.947173913
Tobacco,2006,Whole Year ,Madhya Pradesh,204.0,86,1072.3,26052.84,44.88,0.383
Turmeric,2006,Whole Year ,Madhya Pradesh,668.0,583,1072.3,85310.28,146.96,0.977586207
Urad,2006,Kharif     ,Madhya Pradesh,467870.0,159789,1072.3,59751677.7,102931.4,0.333333333
Urad,2006,Rabi       ,Madhya Pradesh,6630.0,2300,1072.3,846717.3,1458.6,0.23
Wheat,2006,Rabi       ,Madhya Pradesh,4262382.0,7840446,1072.3,544348805.2,937724.04,1.73125
Arhar/Tur,2007,Kharif     ,Madhya Pradesh,300463.0,193198,740.4,40081764.2,48074.08,0.565
Bajra,2007,Kharif     ,Madhya Pradesh,200929.0,275675,740.4,26803928.6,32148.64,0.869393939
Banana,2007,Whole Year ,Madhya Pradesh,7543.0,470299,740.4,1006236.2,1206.88,43.1125
Barley,2007,Rabi       ,Madhya Pradesh,63722.0,64869,740.4,8500514.8,10195.52,1.502894737
Castor seed,2007,Kharif     ,Madhya Pradesh,1626.0,682,740.4,216908.4,260.16,0.328125
Coriander,2007,Whole Year ,Madhya Pradesh,138113.0,44656,740.4,18424274.2,22098.08,0.309787234
Cotton(lint),2007,Kharif     ,Madhya Pradesh,617943.0,145959,740.4,82433596.2,98870.88,0.448571429
Garlic,2007,Whole Year ,Madhya Pradesh,53653.0,225852,740.4,7157310.2,8584.48,2.956666667
Gram,2007,Rabi       ,Madhya Pradesh,2655684.0,1922715,740.4,354268245.6,424909.44,0.726666667
Groundnut,2007,Kharif     ,Madhya Pradesh,201078.0,186600,740.4,26823805.2,32172.48,0.910212766
Horse-gram,2007,Kharif     ,Madhya Pradesh,23989.0,7716,740.4,3200132.6,3838.24,0.286666667
Horse-gram,2007,Rabi       ,Madhya Pradesh,165.0,46,740.4,22011.0,26.4,0.186666667
Jowar,2007,Kharif     ,Madhya Pradesh,531456.0,586727,740.4,70896230.4,85032.96,1.122083333
Jowar,2007,Rabi       ,Madhya Pradesh,3446.0,3804,740.4,459696.4,551.36,1.443846154
Khesari,2007,Rabi       ,Madhya Pradesh,51415.0,30078,740.4,6858761.0,8226.4,0.497857143
Linseed,2007,Rabi       ,Madhya Pradesh,108444.0,37955,740.4,14466429.6,17351.04,0.5075
Maize,2007,Kharif     ,Madhya Pradesh,841830.0,1111216,740.4,112300122.0,134692.8,1.1325
Masoor,2007,Rabi       ,Madhya Pradesh,520643.0,220688,740.4,69453776.2,83302.88,0.409574468
Niger seed,2007,Kharif     ,Madhya Pradesh,100416.0,22741,740.4,13395494.4,16066.56,0.2172
Onion,2007,Whole Year ,Madhya Pradesh,41376.0,601524,740.4,5519558.4,6620.16,12.21604167
Peas & beans (Pulses),2007,Rabi       ,Madhya Pradesh,169653.0,66664,740.4,22631710.2,27144.48,0.416595745
Potato,2007,Whole Year ,Madhya Pradesh,56663.0,713614,740.4,7558844.2,9066.08,11.41729167
Ragi,2007,Kharif     ,Madhya Pradesh,456.0,140,740.4,60830.4,72.96,0.21
Rapeseed &Mustard,2007,Rabi       ,Madhya Pradesh,635178.0,593891,740.4,84732745.2,101628.48,0.675531915
Rice,2007,Kharif     ,Madhya Pradesh,1634912.0,1325175,740.4,218097260.8,261585.92,0.875
Safflower,2007,Rabi       ,Madhya Pradesh,433.0,93,740.4,57762.2,69.28,0.341111111
Sannhamp,2007,Kharif     ,Madhya Pradesh,4569.0,3400,740.4,609504.6,731.04,0.568292683
Sesamum,2007,Whole Year ,Madhya Pradesh,309055.0,116205,740.4,41227937.0,49448.8,0.415
Small millets,2007,Whole Year ,Madhya Pradesh,2912.0,660,740.4,388460.8,465.92,0.194285714
Soyabean,2007,Kharif     ,Madhya Pradesh,5187928.0,5359130,740.4,692069595.2,830068.48,0.857708333
Sugarcane,2007,Whole Year ,Madhya Pradesh,77120.0,3276720,740.4,10287808.0,12339.2,30.21326087
Sunflower,2007,Whole Year ,Madhya Pradesh,615.0,304,740.4,82041.0,98.4,0.301764706
Sweet potato,2007,Whole Year ,Madhya Pradesh,3752.0,20560,740.4,500516.8,600.32,5.65173913
Tobacco,2007,Whole Year ,Madhya Pradesh,157.0,67,740.4,20943.8,25.12,0.428888889
Turmeric,2007,Whole Year ,Madhya Pradesh,655.0,545,740.4,87377.0,104.8,0.908275862
Urad,2007,Kharif     ,Madhya Pradesh,567959.0,193914,740.4,75765730.6,90873.44,0.33
Urad,2007,Rabi       ,Madhya Pradesh,6224.0,2020,740.4,830281.6,995.84,0.179411765
Wheat,2007,Rabi       ,Madhya Pradesh,4089343.0,6729363,740.4,545518356.2,654294.88,1.548958333
Arhar/Tur,2008,Kharif     ,Madhya Pradesh,306161.0,243398,895.0,43793269.44,27554.49,0.712
Bajra,2008,Kharif     ,Madhya Pradesh,187954.0,260504,895.0,26884940.16,16915.86,1.122
Banana,2008,Whole Year ,Madhya Pradesh,7847.0,397231,895.0,1122434.88,706.23,33.19923077
Barley,2008,Rabi       ,Madhya Pradesh,77326.0,103771,895.0,11060711.04,6959.34,1.566410256
Castor seed,2008,Kharif     ,Madhya Pradesh,1420.0,504,895.0,203116.8,127.8,0.293125
Coriander,2008,Whole Year ,Madhya Pradesh,141394.0,59075,895.0,20224997.76,12725.46,0.348297872
Cotton(lint),2008,Kharif     ,Madhya Pradesh,612277.0,143451,895.0,87580102.08,55104.93,0.199047619
Garlic,2008,Whole Year ,Madhya Pradesh,49080.0,207441,895.0,7020403.2,4417.2,3.0538
Gram,2008,Rabi       ,Madhya Pradesh,2869006.0,2811626,895.0,410382618.2,258210.54,0.9016
Groundnut,2008,Kharif     ,Madhya Pradesh,202277.0,235046,895.0,28933702.08,18204.93,0.997291667
Horse-gram,2008,Kharif     ,Madhya Pradesh,23676.0,7406,895.0,3386615.04,2130.84,0.323846154
Horse-gram,2008,Rabi       ,Madhya Pradesh,193.0,54,895.0,27606.72,17.37,0.28
Jowar,2008,Kharif     ,Madhya Pradesh,482926.0,580960,895.0,69077735.04,43463.34,1.2454
Jowar,2008,Rabi       ,Madhya Pradesh,2641.0,3177,895.0,377768.64,237.69,1.74
Khesari,2008,Rabi       ,Madhya Pradesh,51566.0,38829,895.0,7376000.64,4640.94,0.672413793
Linseed,2008,Rabi       ,Madhya Pradesh,108748.0,45022,895.0,15555313.92,9787.32,0.622340426
Maize,2008,Kharif     ,Madhya Pradesh,826722.0,1131782,895.0,118254314.9,74404.98,1.2356
Masoor,2008,Rabi       ,Madhya Pradesh,529690.0,263930,895.0,75766857.6,47672.1,0.46787234
Niger seed,2008,Kharif     ,Madhya Pradesh,100298.0,23010,895.0,14346625.92,9026.82,0.239230769
Onion,2008,Whole Year ,Madhya Pradesh,40146.0,582438,895.0,5742483.84,3613.14,12.0858
Peas & beans (Pulses),2008,Rabi       ,Madhya Pradesh,202535.0,99172,895.0,28970606.4,18228.15,0.4734
Potato,2008,Whole Year ,Madhya Pradesh,56301.0,649826,895.0,8053295.04,5067.09,11.0325
Ragi,2008,Kharif     ,Madhya Pradesh,444.0,138,895.0,63509.76,39.96,0.224
Rapeseed &Mustard,2008,Rabi       ,Madhya Pradesh,756292.0,798644,895.0,108180007.7,68066.28,0.796458333
Rice,2008,Kharif     ,Madhya Pradesh,1706557.0,1571103,895.0,244105913.3,153590.13,0.911020408
Safflower,2008,Rabi       ,Madhya Pradesh,260.0,57,895.0,37190.4,23.4,0.227142857
Sannhamp,2008,Kharif     ,Madhya Pradesh,4427.0,1508,895.0,633238.08,398.43,0.370454545
Sesamum,2008,Whole Year ,Madhya Pradesh,243804.0,101422,895.0,34873724.16,21942.36,0.4182
Small millets,2008,Whole Year ,Madhya Pradesh,295734.0,83744,895.0,42301791.36,26616.06,0.287777778
Soyabean,2008,Kharif     ,Madhya Pradesh,5281337.0,5915097,895.0,755442444.5,475320.33,0.978163265
Sugarcane,2008,Whole Year ,Madhya Pradesh,53704.0,2381030,895.0,7681820.16,4833.36,31.97541667
Sunflower,2008,Kharif     ,Madhya Pradesh,395.0,174,895.0,56500.8,35.55,0.358461538
Sweet potato,2008,Whole Year ,Madhya Pradesh,3584.0,20770,895.0,512655.36,322.56,5.977446809
Tobacco,2008,Whole Year ,Madhya Pradesh,229.0,92,895.0,32756.16,20.61,0.52
Turmeric,2008,Whole Year ,Madhya Pradesh,657.0,582,895.0,93977.28,59.13,0.978965517
Urad,2008,Kharif     ,Madhya Pradesh,514530.0,194838,895.0,73598371.2,46307.7,0.3522
Urad,2008,Rabi       ,Madhya Pradesh,5998.0,2028,895.0,857953.92,539.82,0.226470588
Wheat,2008,Rabi       ,Madhya Pradesh,3997666.0,7272210,895.0,571826144.6,359789.94,1.764
Arhar/Tur,2009,Whole Year ,Madhya Pradesh,324870.0,253399,904.1,50621243.4,55227.9,0.6948
Bajra,2009,Whole Year ,Madhya Pradesh,197914.0,293506,904.1,30838959.48,33645.38,1.078787879
Banana,2009,Whole Year ,Madhya Pradesh,8040.0,501350,904.1,1252792.8,1366.8,44.35692308
Barley,2009,Whole Year ,Madhya Pradesh,75065.0,97660,904.1,11696628.3,12761.05,1.586052632
Castor seed,2009,Whole Year ,Madhya Pradesh,1361.0,481,904.1,212071.02,231.37,0.305714286
Coriander,2009,Whole Year ,Madhya Pradesh,150426.0,70473,904.1,23439379.32,25572.42,0.367391304
Cotton(lint),2009,Whole Year ,Madhya Pradesh,623072.0,132478,904.1,97087079.04,105922.24,0.198421053
Cowpea(Lobia),2009,Kharif     ,Madhya Pradesh,2992.0,1071,904.1,466213.44,508.64,0.331785714
Cowpea(Lobia),2009,Rabi       ,Madhya Pradesh,680.0,231,904.1,105957.6,115.6,0.349545455
Dry chillies,2009,Whole Year ,Madhya Pradesh,54162.0,90505,904.1,8439522.84,9207.54,1.4066
Garlic,2009,Whole Year ,Madhya Pradesh,52169.0,224352,904.1,8128973.58,8868.73,3.153
Ginger,2009,Whole Year ,Madhya Pradesh,7797.0,9667,904.1,1214928.54,1325.49,1.159761905
Gram,2009,Whole Year ,Madhya Pradesh,3007732.0,3218273,904.1,468664800.2,511314.44,0.9506
Groundnut,2009,Whole Year ,Madhya Pradesh,207062.0,249510,904.1,32264400.84,35200.54,0.996041667
Horse-gram,2009,Kharif     ,Madhya Pradesh,22133.0,6708,904.1,3448764.06,3762.61,0.3075
Horse-gram,2009,Rabi       ,Madhya Pradesh,171.0,56,904.1,26645.22,29.07,0.3325
Jowar,2009,Kharif     ,Madhya Pradesh,452428.0,584989,904.1,70497330.96,76912.76,1.3486
Jowar,2009,Rabi       ,Madhya Pradesh,3624.0,4686,904.1,564691.68,616.08,1.727142857
Khesari,2009,Whole Year ,Madhya Pradesh,53778.0,40118,904.1,8379687.96,9142.26,0.646666667
Linseed,2009,Whole Year ,Madhya Pradesh,106966.0,48563,904.1,16667442.12,18184.22,0.684468085
Maize,2009,Whole Year ,Madhya Pradesh,812456.0,1018820,904.1,126596893.9,138117.52,1.0752
Masoor,2009,Whole Year ,Madhya Pradesh,519238.0,272042,904.1,80907665.16,88270.46,0.491666667
Mesta,2009,Whole Year ,Madhya Pradesh,731.0,237,904.1,113904.42,124.27,0.283333333
Moong(Green Gram),2009,Kharif     ,Madhya Pradesh,73809.0,23862,904.1,11500918.38,12547.53,0.345306122
Moong(Green Gram),2009,Rabi       ,Madhya Pradesh,2534.0,652,904.1,394847.88,430.78,0.303793103
Niger seed,2009,Whole Year ,Madhya Pradesh,95632.0,21058,904.1,14901378.24,16257.44,0.263846154
Onion,2009,Whole Year ,Madhya Pradesh,51151.0,785475,904.1,7970348.82,8695.67,13.143
Peas & beans (Pulses),2009,Whole Year ,Madhya Pradesh,194056.0,90793,904.1,30237805.92,32989.52,0.492708333
Potato,2009,Whole Year ,Madhya Pradesh,60052.0,737859,904.1,9357302.64,10208.84,11.0822449
Ragi,2009,Whole Year ,Madhya Pradesh,382.0,120,904.1,59523.24,64.94,0.32
Rapeseed &Mustard,2009,Whole Year ,Madhya Pradesh,768719.0,804849,904.1,119781794.6,130682.23,0.827959184
Rice,2009,Whole Year ,Madhya Pradesh,1593071.0,1355660,904.1,248232323.2,270822.07,0.906041667
Safflower,2009,Whole Year ,Madhya Pradesh,409.0,122,904.1,63730.38,69.53,0.3
Sannhamp,2009,Whole Year ,Madhya Pradesh,4188.0,1469,904.1,652574.16,711.96,0.368974359
Sesamum,2009,Whole Year ,Madhya Pradesh,320540.0,139755,904.1,49946542.8,54491.8,0.4246
Small millets,2009,Kharif     ,Madhya Pradesh,268521.0,73804,904.1,41840942.22,45648.57,0.282424242
Small millets,2009,Rabi       ,Madhya Pradesh,595.0,201,904.1,92712.9,101.15,0.500666667
Soyabean,2009,Whole Year ,Madhya Pradesh,5439849.0,6419022,904.1,847637271.2,924774.33,1.0138
Sugarcane,2009,Whole Year ,Madhya Pradesh,45549.0,1847170,904.1,7097445.18,7743.33,31.6544898
Sunflower,2009,Whole Year ,Madhya Pradesh,202.0,91,904.1,31475.64,34.34,0.369
Sweet potato,2009,Whole Year ,Madhya Pradesh,3497.0,20803,904.1,544902.54,594.49,6.02
Tobacco,2009,Whole Year ,Madhya Pradesh,312.0,142,904.1,48615.84,53.04,0.543636364
Turmeric,2009,Whole Year ,Madhya Pradesh,649.0,573,904.1,101127.18,110.33,0.975483871
Urad,2009,Kharif     ,Madhya Pradesh,568158.0,213136,904.1,88530379.56,96586.86,0.351
Urad,2009,Rabi       ,Madhya Pradesh,4882.0,1945,904.1,760713.24,829.94,0.220833333
Wheat,2009,Whole Year ,Madhya Pradesh,4458995.0,8865378,904.1,694800600.9,758029.15,1.8538
Arhar/Tur,2010,Kharif     ,Madhya Pradesh,638175.0,201663,856.3,106007249.2,153162.0,0.3098
Bajra,2010,Kharif     ,Madhya Pradesh,200498.0,384154,856.3,33304722.78,48119.52,1.220322581
Banana,2010,Whole Year ,Madhya Pradesh,8102.0,433263,856.3,1345823.22,1944.48,34.189375
Barley,2010,Rabi       ,Madhya Pradesh,76570.0,98699,856.3,12719042.7,18376.8,1.7805
Castor seed,2010,Kharif     ,Madhya Pradesh,5886.0,2730,856.3,977723.46,1412.64,0.318666667
Coriander,2010,Whole Year ,Madhya Pradesh,174966.0,68864,856.3,29063602.26,41991.84,0.3425
Cotton(lint),2010,Kharif     ,Madhya Pradesh,586270.0,1006894,856.3,97385309.7,140704.8,1.465555556
Cowpea(Lobia),2010,Kharif     ,Madhya Pradesh,2872.0,662,856.3,477067.92,689.28,0.2088
Cowpea(Lobia),2010,Rabi       ,Madhya Pradesh,616.0,146,856.3,102323.76,147.84,0.232857143
Dry chillies,2010,Whole Year ,Madhya Pradesh,54136.0,131713,856.3,8992530.96,12992.64,1.942244898
Garlic,2010,Whole Year ,Madhya Pradesh,55537.0,182912,856.3,9225251.07,13328.88,2.303
Ginger,2010,Whole Year ,Madhya Pradesh,8356.0,10041,856.3,1388015.16,2005.44,1.134883721
Gram,2010,Rabi       ,Madhya Pradesh,2882264.0,2262577,856.3,478772873.0,691743.36,0.781
Groundnut,2010,Kharif     ,Madhya Pradesh,201177.0,300558,856.3,33417511.47,48282.48,1.348958333
Horse-gram,2010,Kharif     ,Madhya Pradesh,19827.0,6506,856.3,3293462.97,4758.48,0.290769231
Horse-gram,2010,Rabi       ,Madhya Pradesh,100.0,25,856.3,16611.0,24.0,0.25
Jowar,2010,Kharif     ,Madhya Pradesh,413677.0,585767,856.3,68715886.47,99282.48,1.5472
Jowar,2010,Rabi       ,Madhya Pradesh,3680.0,5211,856.3,611284.8,883.2,1.756428571
Khesari,2010,Rabi       ,Madhya Pradesh,52782.0,30033,856.3,8767618.02,12667.68,0.511333333
Linseed,2010,Rabi       ,Madhya Pradesh,94394.0,33321,856.3,15679787.34,22654.56,0.543695652
Maize,2010,Kharif     ,Madhya Pradesh,837865.0,1332205,856.3,139177755.1,201087.6,1.3712
Masoor,2010,Rabi       ,Madhya Pradesh,697685.0,201457,856.3,115892455.4,167444.4,0.312083333
Mesta,2010,Whole Year ,Madhya Pradesh,370.0,914,856.3,61460.7,88.8,2.1625
Moong(Green Gram),2010,Kharif     ,Madhya Pradesh,83782.0,29404,856.3,13917028.02,20107.68,0.3646
Moong(Green Gram),2010,Rabi       ,Madhya Pradesh,2941.0,662,856.3,488529.51,705.84,0.179117647
Niger seed,2010,Kharif     ,Madhya Pradesh,91857.0,20063,856.3,15258366.27,22045.68,0.252
Onion,2010,Whole Year ,Madhya Pradesh,56243.0,902250,856.3,9342524.73,13498.32,14.7518
Other Kharif pulses,2010,Kharif     ,Madhya Pradesh,1983.0,466,856.3,329396.13,475.92,0.24
Peas & beans (Pulses),2010,Rabi       ,Madhya Pradesh,247181.0,66496,856.3,41059235.91,59323.44,0.312708333
Potato,2010,Whole Year ,Madhya Pradesh,76482.0,655527,856.3,12704425.02,18355.68,9.318163265
Ragi,2010,Kharif     ,Madhya Pradesh,283.0,87,856.3,47009.13,67.92,0.0775
Rapeseed &Mustard,2010,Rabi       ,Madhya Pradesh,725721.0,818613,856.3,120549515.3,174173.04,0.772916667
Rice,2010,Kharif     ,Madhya Pradesh,1573535.0,1766596,856.3,261379898.8,377648.4,1.211666667
Safflower,2010,Rabi       ,Madhya Pradesh,376.0,84,856.3,62457.36,90.24,0.356666667
Sannhamp,2010,Whole Year ,Madhya Pradesh,3629.0,7294,856.3,602813.19,870.96,2.000263158
Sesamum,2010,Whole Year ,Madhya Pradesh,360426.0,177690,856.3,59870362.86,86502.24,0.5646
Small millets,2010,Kharif     ,Madhya Pradesh,262854.0,88106,856.3,43662677.94,63084.96,0.356666667
Soyabean,2010,Kharif     ,Madhya Pradesh,5538358.0,6271666,856.3,919976647.4,1329205.92,0.9984
Sugarcane,2010,Whole Year ,Madhya Pradesh,48190.0,1960980,856.3,8004840.9,11565.6,31.9975
Sunflower,2010,Kharif     ,Madhya Pradesh,112.0,49,856.3,18604.32,26.88,0.37
Sweet potato,2010,Whole Year ,Madhya Pradesh,4278.0,17770,856.3,710618.58,1026.72,4.420208333
Tobacco,2010,Whole Year ,Madhya Pradesh,134.0,66,856.3,22258.74,32.16,0.544
Turmeric,2010,Whole Year ,Madhya Pradesh,731.0,423,856.3,121426.41,175.44,0.7590625
Urad,2010,Kharif     ,Madhya Pradesh,555055.0,213739,856.3,92200186.05,133213.2,0.375306122
Urad,2010,Rabi       ,Madhya Pradesh,5393.0,2090,856.3,895831.23,1294.32,0.227647059
Wheat,2010,Rabi       ,Madhya Pradesh,4633125.0,9219781,856.3,769608393.7,1111950.0,1.8744
Arhar/Tur,2011,Kharif     ,Madhya Pradesh,532260.0,334259,852.6,89164195.2,175645.8,0.56
Bajra,2011,Kharif     ,Madhya Pradesh,199984.0,388169,852.6,33501319.68,65994.72,1.157333333
Banana,2011,Whole Year ,Madhya Pradesh,16990.0,599932,852.6,2846164.8,5606.7,19.14631579
Barley,2011,Kharif     ,Madhya Pradesh,76885.0,128552,852.6,12879775.2,25372.05,2.188421053
Castor seed,2011,Kharif     ,Madhya Pradesh,1778.0,511,852.6,297850.56,586.74,0.258571429
Coriander,2011,Whole Year ,Madhya Pradesh,158099.0,70512,852.6,26484744.48,52172.67,0.38
Cotton(lint),2011,Kharif     ,Madhya Pradesh,616858.0,1153463,852.6,103336052.2,203563.14,1.800952381
Dry chillies,2011,Whole Year ,Madhya Pradesh,57863.0,95243,852.6,9693209.76,19094.79,1.296326531
Garlic,2011,Whole Year ,Madhya Pradesh,73907.0,331615,852.6,12380900.64,24389.31,2.6802
Ginger,2011,Whole Year ,Madhya Pradesh,9926.0,10714,852.6,1662803.52,3275.58,0.946744186
Gram,2011,Rabi       ,Madhya Pradesh,2623653.0,2841598,852.6,439514350.6,865805.49,1.026
Groundnut,2011,Kharif     ,Madhya Pradesh,222520.0,369161,852.6,37276550.4,73431.6,1.360212766
Horse-gram,2011,Kharif     ,Madhya Pradesh,18823.0,4475,852.6,3153228.96,6211.59,0.213333333
Horse-gram,2011,Rabi       ,Madhya Pradesh,126.0,31,852.6,21107.52,41.58,0.2375
Jowar,2011,Kharif     ,Madhya Pradesh,346104.0,533346,852.6,57979342.08,114214.32,1.389387755
Jowar,2011,Rabi       ,Madhya Pradesh,2593.0,3994,852.6,434379.36,855.69,1.733
Khesari,2011,Rabi       ,Madhya Pradesh,53290.0,40447,852.6,8927140.8,17585.7,0.792758621
Linseed,2011,Rabi       ,Madhya Pradesh,91173.0,47045,852.6,15273300.96,30087.09,0.927777778
Maize,2011,Kharif     ,Madhya Pradesh,848894.0,1316635,852.6,142206722.9,280135.02,1.111428571
Masoor,2011,Rabi       ,Madhya Pradesh,586000.0,215179,852.6,98166720.0,193380.0,0.395625
Mesta,2011,Kharif     ,Madhya Pradesh,394.0,687,852.6,66002.88,130.02,1.508181818
Moong(Green Gram),2011,Kharif     ,Madhya Pradesh,79340.0,18025,852.6,13291036.8,26182.2,0.252244898
Moong(Green Gram),2011,Rabi       ,Madhya Pradesh,2899.0,695,852.6,485640.48,956.67,0.213
Niger seed,2011,Kharif     ,Madhya Pradesh,88711.0,16074,852.6,14860866.72,29274.63,0.182352941
Onion,2011,Whole Year ,Madhya Pradesh,67857.0,1267840,852.6,11367404.64,22392.81,17.7412
Other  Rabi pulses,2011,Rabi       ,Madhya Pradesh,17861.0,396,852.6,2992074.72,5894.13,0.163214286
Other Kharif pulses,2011,Kharif     ,Madhya Pradesh,10098.0,1568,852.6,1691616.96,3332.34,0.186756757
Peas & beans (Pulses),2011,Rabi       ,Madhya Pradesh,231468.0,81967,852.6,38775519.36,76384.44,0.366734694
Potato,2011,Whole Year ,Madhya Pradesh,83912.0,1028929,852.6,14056938.24,27690.96,11.689375
Ragi,2011,Kharif     ,Madhya Pradesh,262.0,68,852.6,43890.24,86.46,0.13
Rapeseed &Mustard,2011,Rabi       ,Madhya Pradesh,662435.0,789623,852.6,110971111.2,218603.55,1.011041667
Rice,2011,Kharif     ,Madhya Pradesh,1693231.0,2273045,852.6,283650057.1,558766.23,1.400416667
Safflower,2011,Rabi       ,Madhya Pradesh,157.0,33,852.6,26300.64,51.81,0.26
Sannhamp,2011,Kharif     ,Madhya Pradesh,3283.0,4400,852.6,549968.16,1083.39,1.528974359
Sesamum,2011,Whole Year ,Madhya Pradesh,328209.0,171982,852.6,54981571.68,108308.97,0.5806
Small millets,2011,Kharif     ,Madhya Pradesh,256550.0,84814,852.6,42977256.0,84661.5,0.341470588
Soyabean,2011,Kharif     ,Madhya Pradesh,5772461.0,6488246,852.6,967002666.7,1904912.13,0.946734694
Sugarcane,2011,Whole Year ,Madhya Pradesh,49502.0,1965790,852.6,8292575.04,16335.66,26.90304348
Sunflower,2011,Whole Year ,Madhya Pradesh,55.0,28,852.6,9213.6,18.15,0.355
Sweet potato,2011,Whole Year ,Madhya Pradesh,4924.0,22878,852.6,824868.48,1624.92,5.097111111
Tobacco,2011,Whole Year ,Madhya Pradesh,182.0,50,852.6,30488.64,60.06,0.173333333
Turmeric,2011,Whole Year ,Madhya Pradesh,995.0,720,852.6,166682.4,328.35,0.7928125
Urad,2011,Kharif     ,Madhya Pradesh,599209.0,162439,852.6,100379491.7,197738.97,0.2536
Urad,2011,Rabi       ,Madhya Pradesh,6464.0,1900,852.6,1082849.28,2133.12,0.2
Wheat,2011,Rabi       ,Madhya Pradesh,5248479.0,14537038,852.6,879225202.1,1731998.07,2.5908
Arhar/Tur,2012,Kharif     ,Madhya Pradesh,454539.0,314541,1049.5,68544481.2,140907.09,0.657
Bajra,2012,Kharif     ,Madhya Pradesh,193037.0,388390,1049.5,29109979.6,59841.47,1.560344828
Banana,2012,Whole Year ,Madhya Pradesh,18019.0,638870,1049.5,2717265.2,5585.89,13.7473913
Barley,2012,Kharif     ,Madhya Pradesh,80682.0,108598,1049.5,12166845.6,25011.42,1.715
Castor seed,2012,Kharif     ,Madhya Pradesh,3004.0,1064,1049.5,453003.2,931.24,0.321818182
Coriander,2012,Whole Year ,Madhya Pradesh,136731.0,83367,1049.5,20619034.8,42386.61,0.42625
Cotton(lint),2012,Kharif     ,Madhya Pradesh,593642.0,1162620,1049.5,89521213.6,184029.02,1.714444444
Dry chillies,2012,Whole Year ,Madhya Pradesh,70602.0,184624,1049.5,10646781.6,21886.62,1.85755102
Garlic,2012,Whole Year ,Madhya Pradesh,75642.0,406266,1049.5,11406813.6,23449.02,3.3912
Ginger,2012,Whole Year ,Madhya Pradesh,10578.0,18036,1049.5,1595162.4,3279.18,1.278837209
Gram,2012,Rabi       ,Madhya Pradesh,2716273.0,3318045,1049.5,409613968.4,842044.63,1.2206
Groundnut,2012,Kharif     ,Madhya Pradesh,221154.0,352741,1049.5,33350023.2,68557.74,1.52625
Horse-gram,2012,Kharif     ,Madhya Pradesh,15576.0,6560,1049.5,2348860.8,4828.56,0.365454545
Horse-gram,2012,Rabi       ,Madhya Pradesh,77.0,27,1049.5,11611.6,23.87,0.29
Jowar,2012,Kharif     ,Madhya Pradesh,291553.0,587479,1049.5,43966192.4,90381.43,1.712653061
Jowar,2012,Rabi       ,Madhya Pradesh,2469.0,4975,1049.5,372325.2,765.39,3.05875
Khesari,2012,Rabi       ,Madhya Pradesh,47460.0,40246,1049.5,7156968.0,14712.6,0.836206897
Linseed,2012,Rabi       ,Madhya Pradesh,87868.0,48240,1049.5,13250494.4,27239.08,0.759761905
Maize,2012,Kharif     ,Madhya Pradesh,854518.0,2380688,1049.5,128861314.4,264900.58,2.280204082
Masoor,2012,Rabi       ,Madhya Pradesh,509842.0,296355,1049.5,76884173.6,158051.02,0.6
Mesta,2012,Kharif     ,Madhya Pradesh,307.0,115,1049.5,46295.6,95.17,0.343076923
Moong(Green Gram),2012,Kharif     ,Madhya Pradesh,71664.0,26845,1049.5,10806931.2,22215.84,0.39
Moong(Green Gram),2012,Rabi       ,Madhya Pradesh,12931.0,3313,1049.5,1949994.8,4008.61,0.291428571
Niger seed,2012,Kharif     ,Madhya Pradesh,77683.0,24716,1049.5,11714596.4,24081.73,0.320588235
Onion,2012,Whole Year ,Madhya Pradesh,72818.0,1423301,1049.5,10980954.4,22573.58,19.753
Other  Rabi pulses,2012,Rabi       ,Madhya Pradesh,4502.0,730,1049.5,678901.6,1395.62,0.314347826
Other Kharif pulses,2012,Kharif     ,Madhya Pradesh,11773.0,1944,1049.5,1775368.4,3649.63,0.210833333
Peas & beans (Pulses),2012,Rabi       ,Madhya Pradesh,209413.0,129725,1049.5,31579480.4,64918.03,0.6125
Potato,2012,Whole Year ,Madhya Pradesh,81092.0,1157669,1049.5,12228673.6,25138.52,13.99122449
Ragi,2012,Kharif     ,Madhya Pradesh,415.0,127,1049.5,62582.0,128.65,0.194
Rapeseed &Mustard,2012,Rabi       ,Madhya Pradesh,703261.0,962061,1049.5,106051758.8,218010.91,0.975625
Rice,2012,Kharif     ,Madhya Pradesh,1791157.0,3106146,1049.5,270106475.6,555258.67,1.631041667
Safflower,2012,Rabi       ,Madhya Pradesh,236.0,143,1049.5,35588.8,73.16,0.386666667
Sannhamp,2012,Kharif     ,Madhya Pradesh,2820.0,5461,1049.5,425256.0,874.2,1.99
Sesamum,2012,Whole Year ,Madhya Pradesh,289005.0,144792,1049.5,43581954.0,89591.55,0.5566
Small millets,2012,Kharif     ,Madhya Pradesh,216119.0,83661,1049.5,32590745.2,66996.89,0.353243243
Soyabean,2012,Kharif     ,Madhya Pradesh,6172638.0,8407133,1049.5,930833810.4,1913517.78,1.189591837
Sugarcane,2012,Whole Year ,Madhya Pradesh,53901.0,2756580,1049.5,8128270.8,16709.31,36.84958333
Sunflower,2012,Whole Year ,Madhya Pradesh,48.0,38,1049.5,7238.4,14.88,0.61
Sweet potato,2012,Whole Year ,Madhya Pradesh,4647.0,26213,1049.5,700767.6,1440.57,5.939777778
Tobacco,2012,Whole Year ,Madhya Pradesh,148.0,67,1049.5,22318.4,45.88,0.476
Turmeric,2012,Whole Year ,Madhya Pradesh,1435.0,1542,1049.5,216398.0,444.85,1.071388889
Urad,2012,Kharif     ,Madhya Pradesh,621877.0,255340,1049.5,93779051.6,192781.87,0.4268
Urad,2012,Rabi       ,Madhya Pradesh,6608.0,3434,1049.5,996486.4,2048.48,0.3575
Wheat,2012,Rabi       ,Madhya Pradesh,5601025.0,16510524,1049.5,844634570.0,1736317.75,2.8566
Arhar/Tur,2013,Kharif     ,Madhya Pradesh,395709.0,284910,1451.4,57175993.41,106841.43,0.660980392
Bajra,2013,Kharif     ,Madhya Pradesh,191328.0,401597,1451.4,27644982.72,51658.56,1.1265625
Banana,2013,Whole Year ,Madhya Pradesh,18637.0,1510351,1451.4,2692860.13,5031.99,41.16705882
Barley,2013,Kharif     ,Madhya Pradesh,83559.0,146897,1451.4,12073439.91,22560.93,2.11
Castor seed,2013,Kharif     ,Madhya Pradesh,2458.0,1191,1451.4,355156.42,663.66,0.48
Coriander,2013,Whole Year ,Madhya Pradesh,143986.0,94851,1451.4,20804537.14,38876.22,0.465
Cotton(lint),2013,Kharif     ,Madhya Pradesh,573812.0,1225443,1451.4,82910095.88,154929.24,1.891875
Dry chillies,2013,Whole Year ,Madhya Pradesh,71877.0,132326,1451.4,10385507.73,19406.79,1.165
Garlic,2013,Whole Year ,Madhya Pradesh,81132.0,424434,1451.4,11722762.68,21905.64,3.610784314
Ginger,2013,Whole Year ,Madhya Pradesh,10668.0,20629,1451.4,1541419.32,2880.36,1.578636364
Gram,2013,Rabi       ,Madhya Pradesh,2774323.0,2102496,1451.4,400861930.3,749067.21,0.866470588
Groundnut,2013,Kharif     ,Madhya Pradesh,215619.0,354909,1451.4,31154789.31,58217.13,1.2828
Horse-gram,2013,Kharif     ,Madhya Pradesh,14253.0,7464,1451.4,2059415.97,3848.31,0.404166667
Horse-gram,2013,Rabi       ,Madhya Pradesh,71.0,26,1451.4,10258.79,19.17,0.37
Jowar,2013,Kharif     ,Madhya Pradesh,244308.0,361585,1451.4,35300062.92,65963.16,1.211372549
Jowar,2013,Rabi       ,Madhya Pradesh,3521.0,5211,1451.4,508749.29,950.67,1.62
Jute,2013,Kharif     ,Madhya Pradesh,1054.0,0,1451.4,152292.46,284.58,0.0
Khesari,2013,Rabi       ,Madhya Pradesh,46730.0,26122,1451.4,6752017.7,12617.1,0.629642857
Linseed,2013,Rabi       ,Madhya Pradesh,88825.0,46811,1451.4,12834324.25,23982.75,0.671666667
Maize,2013,Kharif     ,Madhya Pradesh,851639.0,1486110,1451.4,123053319.1,229942.53,1.5412
Masoor,2013,Rabi       ,Madhya Pradesh,472192.0,311424,1451.4,68227022.08,127491.84,0.676458333
Mesta,2013,Kharif     ,Madhya Pradesh,299.0,656,1451.4,43202.51,80.73,2.164166667
Moong(Green Gram),2013,Kharif     ,Madhya Pradesh,75236.0,30998,1451.4,10870849.64,20313.72,0.398235294
Moong(Green Gram),2013,Rabi       ,Madhya Pradesh,121485.0,49274,1451.4,17553367.65,32800.95,0.3775
Niger seed,2013,Kharif     ,Madhya Pradesh,68873.0,25062,1451.4,9951459.77,18595.71,0.348235294
Onion,2013,Whole Year ,Madhya Pradesh,79260.0,1476852,1451.4,11452277.4,21400.2,17.25431373
Other  Rabi pulses,2013,Rabi       ,Madhya Pradesh,4062.0,826,1451.4,586918.38,1096.74,0.3716
Other Kharif pulses,2013,Kharif     ,Madhya Pradesh,10806.0,2464,1451.4,1561358.94,2917.62,0.290263158
Peas & beans (Pulses),2013,Rabi       ,Madhya Pradesh,215035.0,186787,1451.4,31070407.15,58059.45,0.798571429
Potato,2013,Whole Year ,Madhya Pradesh,80955.0,1047072,1451.4,11697187.95,21857.85,13.117
Ragi,2013,Kharif     ,Madhya Pradesh,336.0,192,1451.4,48548.64,90.72,0.463333333
Rapeseed &Mustard,2013,Rabi       ,Madhya Pradesh,702055.0,651507,1451.4,101439927.0,189554.85,0.81
Rice,2013,Kharif     ,Madhya Pradesh,1881546.0,3321724,1451.4,271864581.5,508017.42,1.410204082
Safflower,2013,Rabi       ,Madhya Pradesh,21.0,11,1451.4,3034.29,5.67,0.515
Sannhamp,2013,Kharif     ,Madhya Pradesh,3091.0,7033,1451.4,446618.59,834.57,2.371794872
Sesamum,2013,Whole Year ,Madhya Pradesh,269597.0,116466,1451.4,38954070.53,72791.19,0.540784314
Small millets,2013,Kharif     ,Madhya Pradesh,201713.0,140300,1451.4,29145511.37,54462.51,0.487272727
Soyabean,2013,Kharif     ,Madhya Pradesh,6543581.0,4711378,1451.4,945482018.7,1766766.87,0.7448
Sugarcane,2013,Whole Year ,Madhya Pradesh,55448.0,2797460,1451.4,8011681.52,14970.96,39.73108696
Sunflower,2013,Whole Year ,Madhya Pradesh,76.0,35,1451.4,10981.24,20.52,0.476666667
Sweet potato,2013,Whole Year ,Madhya Pradesh,4776.0,30914,1451.4,690084.24,1289.52,6.665744681
Tobacco,2013,Whole Year ,Madhya Pradesh,100.0,49,1451.4,14449.0,27.0,0.545714286
Turmeric,2013,Whole Year ,Madhya Pradesh,1392.0,1525,1451.4,201130.08,375.84,1.168181818
Urad,2013,Kharif     ,Madhya Pradesh,570864.0,207407,1451.4,82484139.36,154133.28,0.401960784
Urad,2013,Rabi       ,Madhya Pradesh,10499.0,4366,1451.4,1517000.51,2834.73,0.378888889
Wheat,2013,Rabi       ,Madhya Pradesh,6123044.0,15722722,1451.4,884718627.6,1653221.88,2.538431373
Arhar/Tur,2014,Kharif     ,Madhya Pradesh,520000.0,506000,891.2,78499200.0,171600.0,0.934583333
Bajra,2014,Kharif     ,Madhya Pradesh,225000.0,428000,891.2,33966000.0,74250.0,1.620869565
Barley,2014,Kharif     ,Madhya Pradesh,42000.0,56000,891.2,6340320.0,13860.0,1.300967742
Cotton(lint),2014,Kharif     ,Madhya Pradesh,637000.0,738000,891.2,96161520.0,210210.0,0.912777778
Gram,2014,Rabi       ,Madhya Pradesh,2796000.0,2938000,891.2,422084160.0,922680.0,0.976470588
Groundnut,2014,Kharif     ,Madhya Pradesh,214000.0,360000,891.2,32305440.0,70620.0,1.505769231
Horse-gram,2014,Kharif     ,Madhya Pradesh,14000.0,8000,891.2,2113440.0,4620.0,0.526
Jowar,2014,Kharif     ,Madhya Pradesh,220000.0,372000,891.2,33211200.0,72600.0,1.541428571
Linseed,2014,Rabi       ,Madhya Pradesh,72000.0,44000,891.2,10869120.0,23760.0,0.69
Maize,2014,Kharif     ,Madhya Pradesh,1131000.0,2530000,891.2,170735760.0,373230.0,2.093061224
Masoor,2014,Rabi       ,Madhya Pradesh,502000.0,359000,891.2,75781920.0,165660.0,0.712162162
Moong(Green Gram),2014,Kharif     ,Madhya Pradesh,149000.0,68000,891.2,22493040.0,49170.0,0.437209302
Niger seed,2014,Kharif     ,Madhya Pradesh,42000.0,18000,891.2,6340320.0,13860.0,0.478333333
Peas & beans (Pulses),2014,Rabi       ,Madhya Pradesh,216000.0,246000,891.2,32607360.0,71280.0,1.286410256
Rapeseed &Mustard,2014,Rabi       ,Madhya Pradesh,614000.0,630000,891.2,92689440.0,202620.0,0.93
Rice,2014,Kharif     ,Madhya Pradesh,2057000.0,3522660,891.2,310524720.0,678810.0,1.663488372
Safflower,2014,Rabi       ,Madhya Pradesh,19000.0,12000,891.2,2868240.0,6270.0,0.615
Sesamum,2014,Whole Year ,Madhya Pradesh,341000.0,179000,891.2,51477360.0,112530.0,0.446764706
Small millets,2014,Kharif     ,Madhya Pradesh,122000.0,62000,891.2,18417120.0,40260.0,0.490833333
Soyabean,2014,Kharif     ,Madhya Pradesh,5571000.0,6350000,891.2,840998160.0,1838430.0,1.189583333
Sugarcane,2014,Whole Year ,Madhya Pradesh,102000.0,4090000,891.2,15397920.0,33660.0,32.1559375
Urad,2014,Kharif     ,Madhya Pradesh,841000.0,427000,891.2,126957360.0,277530.0,0.5156
Wheat,2014,Rabi       ,Madhya Pradesh,5999000.0,18463000,891.2,905609040.0,1979670.0,2.904705882
Arhar/Tur,2015,Kharif     ,Madhya Pradesh,581000.0,643987,1000.7,91745710.0,191730.0,0.976326531
Bajra,2015,Kharif     ,Madhya Pradesh,269000.0,617000,1000.7,42477790.0,88770.0,1.330714286
Banana,2015,Whole Year ,Madhya Pradesh,22631.6,1535834,1000.7,3573755.956,7468.428,44.46521739
Barley,2015,Kharif     ,Madhya Pradesh,94000.0,273000,1000.7,14843540.0,31020.0,2.8575
Castor seed,2015,Kharif     ,Madhya Pradesh,4000.0,2000,1000.7,631640.0,1320.0,0.5
Coriander,2015,Whole Year ,Madhya Pradesh,249102.44,351052,1000.7,39335766.3,82203.8052,2.540625
Cotton(lint),2015,Kharif     ,Madhya Pradesh,562000.0,714000,1000.7,88745420.0,185460.0,1.224545455
Dry chillies,2015,Whole Year ,Madhya Pradesh,103711.81,371435,1000.7,16377131.92,34224.8973,4.328095238
Garlic,2015,Whole Year ,Madhya Pradesh,114786.73,1243137,1000.7,18125972.53,37879.6209,11.2916
Ginger,2015,Whole Year ,Madhya Pradesh,20337.91,325432,1000.7,3211559.368,6711.5103,15.38104167
Gram,2015,Rabi       ,Madhya Pradesh,3018000.0,3364000,1000.7,476572380.0,995940.0,1.092156863
Groundnut,2015,Kharif     ,Madhya Pradesh,234000.0,260000,1000.7,36950940.0,77220.0,1.022592593
Horse-gram,2015,Kharif     ,Madhya Pradesh,13000.0,3376,1000.7,2052830.0,4290.0,0.258
Jowar,2015,Kharif     ,Madhya Pradesh,208000.0,400657,1000.7,32845280.0,68640.0,1.573783784
Jute,2015,Kharif     ,Madhya Pradesh,6000.0,6000,1000.7,947460.0,1980.0,1.0
Linseed,2015,Rabi       ,Madhya Pradesh,114000.0,55109,1000.7,18001740.0,37620.0,0.5675
Maize,2015,Kharif     ,Madhya Pradesh,1100000.0,3138000,1000.7,173701000.0,363000.0,2.075416667
Masoor,2015,Rabi       ,Madhya Pradesh,547000.0,613525,1000.7,86376770.0,180510.0,1.079230769
Moong(Green Gram),2015,Kharif     ,Madhya Pradesh,194000.0,54181,1000.7,30634540.0,64020.0,0.310909091
Niger seed,2015,Kharif     ,Madhya Pradesh,80000.0,22837,1000.7,12632800.0,26400.0,0.317272727
Onion,2015,Whole Year ,Madhya Pradesh,147866.95,3413490,1000.7,23349670.07,48796.0935,22.43019608
Other  Rabi pulses,2015,Rabi       ,Madhya Pradesh,39000.0,43549,1000.7,6158490.0,12870.0,1.1
Other Cereals,2015,Kharif     ,Madhya Pradesh,52000.0,41584,1000.7,8211320.0,17160.0,0.785263158
Peas & beans (Pulses),2015,Rabi       ,Madhya Pradesh,453000.0,417240,1000.7,71533230.0,149490.0,0.813488372
Potato,2015,Whole Year ,Madhya Pradesh,135292.29,2828020,1000.7,21364005.51,44646.4557,20.1022
Rapeseed &Mustard,2015,Rabi       ,Madhya Pradesh,621000.0,667000,1000.7,98062110.0,204930.0,0.935238095
Rice,2015,Kharif     ,Madhya Pradesh,2027000.0,3546790,1000.7,320083570.0,668910.0,1.701904762
Safflower,2015,Rabi       ,Madhya Pradesh,7000.0,4291,1000.7,1105370.0,2310.0,0.615714286
Sesamum,2015,Whole Year ,Madhya Pradesh,367000.0,157752,1000.7,57952970.0,121110.0,0.442432432
Small millets,2015,Kharif     ,Madhya Pradesh,130000.0,84937,1000.7,20528300.0,42900.0,0.550526316
Soyabean,2015,Kharif     ,Madhya Pradesh,5910000.0,4450000,1000.7,933248100.0,1950300.0,0.812653061
Sugarcane,2015,Whole Year ,Madhya Pradesh,102000.0,5160000,1000.7,16106820.0,33660.0,42.40736842
Sunflower,2015,Rabi       ,Madhya Pradesh,1000.0,1000,1000.7,157910.0,330.0,1.0
Sweet potato,2015,Whole Year ,Madhya Pradesh,3376.0,47063,1000.7,533104.16,1114.08,15.48923077
Turmeric,2015,Whole Year ,Madhya Pradesh,9616.06,164637,1000.7,1518472.035,3173.2998,18.735
Urad,2015,Kharif     ,Madhya Pradesh,937000.0,515000,1000.7,147961670.0,309210.0,0.554489796
Wheat,2015,Rabi       ,Madhya Pradesh,5914000.0,18408000,1000.7,933879740.0,1951620.0,2.961372549
Arhar/Tur,2016,Kharif     ,Madhya Pradesh,692000.0,871000,1048.4,106049000.0,242200.0,1.214324324
Bajra,2016,Kharif     ,Madhya Pradesh,279000.0,776000,1048.4,42756750.0,97650.0,2.052222222
Banana,2016,Whole Year ,Madhya Pradesh,26969.8,1873689,1048.4,4133121.85,9439.43,44.61416667
Barley,2016,Kharif     ,Madhya Pradesh,116100.0,384790,1048.4,17792325.0,40635.0,3.232105263
Coriander,2016,Whole Year ,Madhya Pradesh,275762.83,387428,1048.4,42260653.7,96516.9905,1.590612245
Cotton(lint),2016,Kharif     ,Madhya Pradesh,600000.0,947000,1048.4,91950000.0,210000.0,1.417
Dry chillies,2016,Whole Year ,Madhya Pradesh,98537.8,303625,1048.4,15100917.85,34488.23,3.738372093
Garlic,2016,Whole Year ,Madhya Pradesh,156880.15,1716856,1048.4,24041882.99,54908.0525,11.132
Ginger,2016,Whole Year ,Madhya Pradesh,23153.07,372640,1048.4,3548207.978,8103.5745,16.16854167
Gram,2016,Rabi       ,Madhya Pradesh,3223000.0,4546000,1048.4,493924750.0,1128050.0,1.435098039
Groundnut,2016,Kharif     ,Madhya Pradesh,254000.0,377000,1048.4,38925500.0,88900.0,1.393157895
Horse-gram,2016,Kharif     ,Madhya Pradesh,13000.0,6420,1048.4,1992250.0,4550.0,0.484
Jowar,2016,Kharif     ,Madhya Pradesh,221000.0,438000,1048.4,33868250.0,77350.0,1.761666667
Jute,2016,Kharif     ,Madhya Pradesh,6000.0,6000,1048.4,919500.0,2100.0,1.0
Linseed,2016,Rabi       ,Madhya Pradesh,119000.0,58000,1048.4,18236750.0,41650.0,0.558823529
Maize,2016,Kharif     ,Madhya Pradesh,1264000.0,4300000,1048.4,193708000.0,442400.0,2.479130435
Masoor,2016,Rabi       ,Madhya Pradesh,575000.0,651000,1048.4,88118750.0,201250.0,1.0490625
Mesta,2016,Kharif     ,Madhya Pradesh,2000.0,1439,1048.4,306500.0,700.0,0.65125
Moong(Green Gram),2016,Kharif     ,Madhya Pradesh,224000.0,131000,1048.4,34328000.0,78400.0,0.576956522
Niger seed,2016,Kharif     ,Madhya Pradesh,73000.0,26591,1048.4,11187250.0,25550.0,0.364545455
Onion,2016,Whole Year ,Madhya Pradesh,150839.21,3821047,1048.4,23116108.93,52793.7235,23.96137255
Other  Rabi pulses,2016,Rabi       ,Madhya Pradesh,29000.0,25700,1048.4,4444250.0,10150.0,0.874444444
Other Cereals,2016,Kharif     ,Madhya Pradesh,52000.0,41700,1048.4,7969000.0,18200.0,0.795625
Other Cereals,2016,Rabi       ,Madhya Pradesh,4200.0,3980,1048.4,643650.0,1470.0,0.724615385
Other Kharif pulses,2016,Kharif     ,Madhya Pradesh,2000.0,2000,1048.4,306500.0,700.0,1.0
Peas & beans (Pulses),2016,Rabi       ,Madhya Pradesh,507000.0,522000,1048.4,77697750.0,177450.0,0.9696
Potato,2016,Whole Year ,Madhya Pradesh,159997.16,3460981,1048.4,24519564.77,55999.006,21.3086
Rapeseed &Mustard,2016,Rabi       ,Madhya Pradesh,711000.0,920987,1048.4,108960750.0,248850.0,1.045294118
Rice,2016,Kharif     ,Madhya Pradesh,2260000.0,5400540,1048.4,346345000.0,791000.0,2.040294118
Safflower,2016,Rabi       ,Madhya Pradesh,29480.0,14770,1048.4,4517810.0,10318.0,0.666666667
Sesamum,2016,Whole Year ,Madhya Pradesh,382000.0,166420,1048.4,58541500.0,133700.0,0.497307692
Small millets,2016,Kharif     ,Madhya Pradesh,132000.0,131620,1048.4,20229000.0,46200.0,1.1425
Soyabean,2016,Kharif     ,Madhya Pradesh,5402000.0,6650000,1048.4,827856500.0,1890700.0,1.172222222
Sugarcane,2016,Whole Year ,Madhya Pradesh,91930.0,4726000,1048.4,14088272.5,32175.5,30.362
Sunflower,2016,Rabi       ,Madhya Pradesh,1520.0,1520,1048.4,232940.0,532.0,1.0
Sweet potato,2016,Whole Year ,Madhya Pradesh,4432.2,63449,1048.4,679234.65,1551.27,17.19387097
Turmeric,2016,Whole Year ,Madhya Pradesh,12876.75,229581,1048.4,1973361.938,4506.8625,19.30891304
Urad,2016,Kharif     ,Madhya Pradesh,1168000.0,1064000,1048.4,178996000.0,408800.0,0.914318182
Wheat,2016,Rabi       ,Madhya Pradesh,6423000.0,21916000,1048.4,984324750.0,2248050.0,3.294509804
Arhar/Tur,2017,Kharif     ,Madhya Pradesh,646980.0,839400,800.0,101860531.2,245852.4,1.216956522
Bajra,2017,Kharif     ,Madhya Pradesh,309940.0,754740,800.0,48796953.6,117777.2,1.604347826
Banana,2017,Whole Year ,Madhya Pradesh,26375.05,1834029,800.0,4152487.872,10022.519,47.73208333
Barley,2017,Kharif     ,Madhya Pradesh,130020.0,431030,800.0,20470348.8,49407.6,2.255405405
Castor seed,2017,Kharif     ,Madhya Pradesh,8950.0,4970,800.0,1409088.0,3401.0,0.508
Coriander,2017,Whole Year ,Madhya Pradesh,279836.92,390551,800.0,44057524.68,106338.0296,1.603877551
Cotton(lint),2017,Kharif     ,Madhya Pradesh,603190.0,953120,800.0,94966233.6,229212.2,1.484
Dry chillies,2017,Whole Year ,Madhya Pradesh,94414.9,232703,800.0,14864681.86,35877.662,2.935581395
Garlic,2017,Whole Year ,Madhya Pradesh,186179.25,1882969,800.0,29312061.12,70748.115,10.2188
Ginger,2017,Whole Year ,Madhya Pradesh,23431.48,377473,800.0,3689052.211,8903.9624,16.20208333
Gram,2017,Rabi       ,Madhya Pradesh,3590000.0,5385030,800.0,565209600.0,1364200.0,1.420196078
Groundnut,2017,Kharif     ,Madhya Pradesh,218160.0,338130,800.0,34347110.4,82900.8,1.308684211
Groundnut,2017,Summer     ,Madhya Pradesh,5890.0,11030,800.0,927321.6,2238.2,1.668461538
Horse-gram,2017,Kharif     ,Madhya Pradesh,14240.0,5690,800.0,2241945.6,5411.2,0.34875
Jowar,2017,Kharif     ,Madhya Pradesh,270040.0,653420,800.0,42515097.6,102615.2,2.2274
Jute,2017,Kharif     ,Madhya Pradesh,5970.0,8640,800.0,939916.8,2268.6,1.358
Linseed,2017,Rabi       ,Madhya Pradesh,162000.0,85550,800.0,25505280.0,61560.0,0.675609756
Maize,2017,Kharif     ,Madhya Pradesh,1316520.0,4679550,800.0,207272908.8,500277.6,2.5508
Maize,2017,Summer     ,Madhya Pradesh,35640.0,133020,800.0,5611161.6,13543.2,3.540357143
Masoor,2017,Rabi       ,Madhya Pradesh,596010.0,679180,800.0,93835814.4,226483.8,1.008888889
Mesta,2017,Kharif     ,Madhya Pradesh,2000.0,2200,800.0,314880.0,760.0,1.083333333
Moong(Green Gram),2017,Kharif     ,Madhya Pradesh,228400.0,137110,800.0,35959296.0,86792.0,0.594509804
Moong(Green Gram),2017,Summer     ,Madhya Pradesh,206170.0,252050,800.0,32459404.8,78344.6,1.02255814
Niger seed,2017,Kharif     ,Madhya Pradesh,61300.0,21080,800.0,9651072.0,23294.0,0.334761905
Onion,2017,Whole Year ,Madhya Pradesh,150865.6,3701014,800.0,23752280.06,57328.928,23.00568627
Other  Rabi pulses,2017,Rabi       ,Madhya Pradesh,61070.0,55220,800.0,9614860.8,23206.6,0.678571429
Other Cereals,2017,Rabi       ,Madhya Pradesh,4100.0,2560,800.0,645504.0,1558.0,0.62
Other Kharif pulses,2017,Kharif     ,Madhya Pradesh,1870.0,1030,800.0,294412.8,710.6,0.63
Peas & beans (Pulses),2017,Rabi       ,Madhya Pradesh,311880.0,321870,800.0,49102387.2,118514.4,0.930263158
Potato,2017,Whole Year ,Madhya Pradesh,136290.21,3144644,800.0,21457530.66,51790.2798,21.3776
Rapeseed &Mustard,2017,Rabi       ,Madhya Pradesh,747900.0,975790,800.0,117749376.0,284202.0,0.95673913
Rice,2017,Kharif     ,Madhya Pradesh,2023070.0,4869658,800.0,318512140.8,768766.6,1.806888889
Rice,2017,Summer     ,Madhya Pradesh,12070.0,29400,800.0,1900300.8,4586.6,1.965294118
Safflower,2017,Rabi       ,Madhya Pradesh,1010.0,500,800.0,159014.4,383.8,0.653333333
Sesamum,2017,Whole Year ,Madhya Pradesh,423720.0,186710,800.0,66710476.8,161013.6,0.498536585
Small millets,2017,Kharif     ,Madhya Pradesh,144070.0,141450,800.0,22682380.8,54746.6,0.942857143
Soyabean,2017,Kharif     ,Madhya Pradesh,5010070.0,5321810,800.0,788785420.8,1903826.6,1.008
Sugarcane,2017,Whole Year ,Madhya Pradesh,98040.0,5432600,800.0,15435417.6,37255.2,44.49714286
Sunflower,2017,Kharif     ,Madhya Pradesh,1020.0,510,800.0,160588.8,387.6,0.615
Sunflower,2017,Rabi       ,Madhya Pradesh,2100.0,2100,800.0,330624.0,798.0,1.0
Sweet potato,2017,Whole Year ,Madhya Pradesh,5196.15,78914,800.0,818081.856,1974.537,17.36147059
Turmeric,2017,Whole Year ,Madhya Pradesh,11697.5,206472,800.0,1841654.4,4445.05,19.065
Urad,2017,Kharif     ,Madhya Pradesh,1788800.0,1744360,800.0,281628672.0,679744.0,0.742941176
Urad,2017,Summer     ,Madhya Pradesh,35030.0,49260,800.0,5515123.2,13311.4,1.316923077
Wheat,2017,Rabi       ,Madhya Pradesh,5802980.0,20019950,800.0,913621171.2,2205132.4,3.345882353
Arhar/Tur,2018,Kharif     ,Madhya Pradesh,212755.0,179987,1102.2,34508861.0,74464.25,0.758431373
Bajra,2018,Kharif     ,Madhya Pradesh,327080.0,628340,1102.2,53052376.0,114478.0,1.517916667
Banana,2018,Whole Year ,Madhya Pradesh,26541.39,1853026,1102.2,4305013.458,9289.4865,48.04833333
Barley,2018,Kharif     ,Madhya Pradesh,28978.0,57407,1102.2,4700231.6,10142.3,2.018611111
Castor seed,2018,Kharif     ,Madhya Pradesh,1403.0,524,1102.2,227566.6,491.05,0.237777778
Coriander,2018,Whole Year ,Madhya Pradesh,279980.0,378236,1102.2,45412756.0,97993.0,1.6896
Cotton(lint),2018,Kharif     ,Madhya Pradesh,454869.0,879215,1102.2,73779751.8,159204.15,1.405
Dry chillies,2018,Whole Year ,Madhya Pradesh,87838.93,217551,1102.2,14247474.45,30743.6255,2.919069767
Garlic,2018,Whole Year ,Madhya Pradesh,178156.61,1807956,1102.2,28897002.14,62354.8135,10.2886
Ginger,2018,Whole Year ,Madhya Pradesh,24963.81,414281,1102.2,4049129.982,8737.3335,16.105
Gram,2018,Rabi       ,Madhya Pradesh,3103330.0,3997699,1102.2,503360126.0,1086165.5,1.403137255
Groundnut,2018,Kharif     ,Madhya Pradesh,215697.0,398873,1102.2,34986053.4,75493.95,1.47625
Horse-gram,2018,Kharif     ,Madhya Pradesh,1852.0,699,1102.2,300394.4,648.2,0.216666667
Jowar,2018,Kharif     ,Madhya Pradesh,74655.0,163418,1102.2,12109041.0,26129.25,1.665490196
Jute,2018,Kharif     ,Madhya Pradesh,409.0,195,1102.2,66339.8,143.15,0.367575758
Linseed,2018,Rabi       ,Madhya Pradesh,37745.0,26876,1102.2,6122239.0,13210.75,0.812325581
Maize,2018,Kharif     ,Madhya Pradesh,1256645.0,4090669,1102.2,203827819.0,439825.75,2.330588235
Masoor,2018,Rabi       ,Madhya Pradesh,420593.0,329311,1102.2,68220184.6,147207.55,0.677083333
Mesta,2018,Kharif     ,Madhya Pradesh,29.0,9,1102.2,4703.8,10.15,0.355714286
Moong(Green Gram),2018,Kharif     ,Madhya Pradesh,95295.0,38283,1102.2,15456849.0,33353.25,0.43627451
Moong(Green Gram),2018,Summer     ,Madhya Pradesh,406.0,118,1102.2,65853.2,142.1,0.255925926
Niger seed,2018,Kharif     ,Madhya Pradesh,17681.0,5323,1102.2,2867858.2,6188.35,0.248648649
Onion,2018,Whole Year ,Madhya Pradesh,149843.45,3683098,1102.2,24304607.59,52445.2075,23.08392157
Other  Rabi pulses,2018,Rabi       ,Madhya Pradesh,21572.0,16587,1102.2,3498978.4,7550.2,0.715454545
Peas & beans (Pulses),2018,Rabi       ,Madhya Pradesh,64696.0,50205,1102.2,10493691.2,22643.6,0.7708
Potato,2018,Whole Year ,Madhya Pradesh,145736.5,3309669,1102.2,23638460.3,51007.775,21.3004
Rapeseed &Mustard,2018,Rabi       ,Madhya Pradesh,707437.0,1040754,1102.2,114746281.4,247602.95,0.7016
Rice,2018,Kharif     ,Madhya Pradesh,2794020.0,5238850,1102.2,453190044.0,977907.0,1.444901961
Safflower,2018,Rabi       ,Madhya Pradesh,13.0,4,1102.2,2108.6,4.55,0.263333333
Sesamum,2018,Whole Year ,Madhya Pradesh,247793.0,138545,1102.2,40192024.6,86727.55,0.559411765
Small millets,2018,Kharif     ,Madhya Pradesh,82094.0,57059,1102.2,13315646.8,28732.9,0.555555556
Soyabean,2018,Kharif     ,Madhya Pradesh,5418888.0,5809838,1102.2,878943633.6,1896610.8,0.9452
Sugarcane,2018,Whole Year ,Madhya Pradesh,107902.0,5276970,1102.2,17501704.4,37765.7,35.49571429
Sweet potato,2018,Whole Year ,Madhya Pradesh,5297.72,80333,1102.2,859290.184,1854.202,17.05294118
Turmeric,2018,Whole Year ,Madhya Pradesh,13665.88,238285,1102.2,2216605.736,4783.058,19.05916667
Urad,2018,Kharif     ,Madhya Pradesh,2436898.0,1132524,1102.2,395264855.6,852914.3,0.448627451
Urad,2018,Summer     ,Madhya Pradesh,4234.0,1948,1102.2,686754.8,1481.9,0.303478261
Wheat,2018,Rabi       ,Madhya Pradesh,7721549.0,25276038,1102.2,1252435248.0,2702542.15,3.141764706
Arhar/Tur,2019,Kharif     ,Madhya Pradesh,249147.0,274809,1446.7,42793488.72,92184.39,0.886078431
Bajra,2019,Kharif     ,Madhya Pradesh,339656.0,785624,1446.7,58339314.56,125672.72,1.273404255
Banana,2019,Whole Year ,Madhya Pradesh,26634.09,1847636,1446.7,4574671.298,9854.6133,47.165
Barley,2019,Rabi       ,Madhya Pradesh,29737.0,63362,1446.7,5107627.12,11002.69,2.414285714
Coriander,2019,Whole Year ,Madhya Pradesh,292287.88,394760,1446.7,50203366.27,108146.5156,1.5634
Cotton(lint),2019,Kharif     ,Madhya Pradesh,650305.0,838905,1446.7,111696386.8,240612.85,0.826666667
Garlic,2019,Whole Year ,Madhya Pradesh,183713.76,1869431,1446.7,31554675.42,67974.0912,10.3632
Ginger,2019,Whole Year ,Madhya Pradesh,27479.56,438393,1446.7,4719889.226,10167.4372,15.64479167
Gram,2019,Rabi       ,Madhya Pradesh,1925684.0,3062879,1446.7,330755483.8,712503.08,1.626923077
Groundnut,2019,Kharif     ,Madhya Pradesh,217499.0,345171,1446.7,37357628.24,80474.63,1.464897959
Groundnut,2019,Summer     ,Madhya Pradesh,4089.0,6423,1446.7,702326.64,1512.93,1.290588235
Jowar,2019,Kharif     ,Madhya Pradesh,107875.0,164973,1446.7,18528610.0,39913.75,1.343
Jute,2019,Kharif     ,Madhya Pradesh,5.0,20,1446.7,858.8,1.85,4.5
Linseed,2019,Rabi       ,Madhya Pradesh,51519.0,44667,1446.7,8848903.44,19062.03,1.116530612
Maize,2019,Kharif     ,Madhya Pradesh,1516103.0,4369819,1446.7,260405851.3,560958.11,1.999411765
Maize,2019,Summer     ,Madhya Pradesh,20995.0,119761,1446.7,3606101.2,7768.15,2.768387097
Masoor,2019,Rabi       ,Madhya Pradesh,378678.0,294070,1446.7,65041733.28,140110.86,0.689591837
Mesta,2019,Kharif     ,Madhya Pradesh,806.0,317,1446.7,138438.56,298.22,0.415
Moong(Green Gram),2019,Kharif     ,Madhya Pradesh,45938.0,14329,1446.7,7890310.88,16997.06,0.358823529
Moong(Green Gram),2019,Summer     ,Madhya Pradesh,418554.0,575804,1446.7,71890835.04,154864.98,0.813673469
Niger seed,2019,Kharif     ,Madhya Pradesh,6210.0,2070,1446.7,1066629.6,2297.7,0.282222222
Onion,2019,Whole Year ,Madhya Pradesh,173886.5,4270702,1446.7,29866745.24,64338.005,23.21745098
Other  Rabi pulses,2019,Rabi       ,Madhya Pradesh,13357.0,9612,1446.7,2294198.32,4942.09,0.758636364
Peas & beans (Pulses),2019,Rabi       ,Madhya Pradesh,58110.0,48837,1446.7,9980973.6,21500.7,0.786862745
Potato,2019,Whole Year ,Madhya Pradesh,149435.36,3408608,1446.7,25667017.43,55291.0832,21.80117647
Rapeseed &Mustard,2019,Rabi       ,Madhya Pradesh,675079.0,1038355,1446.7,115951569.0,249779.23,1.3
Rice,2019,Kharif     ,Madhya Pradesh,3076000.0,7268659,1446.7,528333760.0,1138120.0,1.858
Rice,2019,Summer     ,Madhya Pradesh,34311.0,94770,1446.7,5893257.36,12695.07,0.8775
Safflower,2019,Rabi       ,Madhya Pradesh,11.0,4,1446.7,1889.36,4.07,0.54
Sesamum,2019,Kharif     ,Madhya Pradesh,315005.0,126053,1446.7,54105258.8,116551.85,0.5458
Small millets,2019,Kharif     ,Madhya Pradesh,79810.0,73907,1446.7,13708165.6,29529.7,0.5925
Soyabean,2019,Kharif     ,Madhya Pradesh,6194044.0,3856153,1446.7,1063888997.0,2291796.28,0.678431373
Sugarcane,2019,Whole Year ,Madhya Pradesh,124681.0,7414530,1446.7,21415208.56,46131.97,39.05510204
Sweet potato,2019,Whole Year ,Madhya Pradesh,5814.2,89432,1446.7,998646.992,2151.254,17.34657143
Turmeric,2019,Whole Year ,Madhya Pradesh,16271.0,285338,1446.7,2794706.96,6020.27,18.86708333
Urad,2019,Kharif     ,Madhya Pradesh,1761556.0,462639,1446.7,302564858.6,651775.72,0.356470588
Urad,2019,Summer     ,Madhya Pradesh,32389.0,40419,1446.7,5563134.64,11983.93,0.696571429
Wheat,2019,Rabi       ,Madhya Pradesh,10216517.0,37507219,1446.7,1754788960.0,3780111.29,3.519423077
